return_id,order_id,reason,return_ts
R00001,O038260,quality,2025-07-07 08:33:26
R00002,O014854,quality,2025-07-05 11:23:03
R00003,O034721,late_delivery,2025-07-09 21:10:24
R00004,O035708,wrong_item,2025-07-19 10:48:40
R00005,O025647,late_delivery,2025-07-18 10:53:46
R00006,O022809,quality,2025-07-06 12:14:26
R00007,O006527,quality,2025-07-18 15:27:27
R00008,O029709,quality,2025-07-19 15:46:28
R00009,O023345,wrong_item,2025-07-17 16:10:47
R00010,O000303,damaged,2025-07-19 18:28:21
R00011,O032639,quality,2025-07-12 20:54:48
R00012,O037508,quality,2025-07-08 21:55:02
R00013,O018733,quality,2025-07-10 09:08:15
R00014,O008100,changed_mind,2025-07-18 17:09:16
R00015,O049019,changed_mind,2025-07-05 19:47:40
R00016,O010117,quality,2025-07-09 21:23:18
R00017,O014143,quality,2025-07-18 12:57:19
R00018,O005119,quality,2025-07-15 16:29:43
R00019,O021991,late_delivery,2025-07-12 21:55:16
R00020,O002618,changed_mind,2025-07-18 22:04:10
R00021,O015249,wrong_item,2025-07-18 10:08:33
R00022,O007983,quality,2025-07-10 14:13:11
R00023,O031972,wrong_item,2025-07-09 14:36:57
R00024,O041978,damaged,2025-07-20 16:11:07
R00025,O001692,quality,2025-07-21 16:27:02
R00026,O015735,quality,2025-07-11 09:29:02
R00027,O034072,quality,2025-07-13 10:23:40
R00028,O032683,changed_mind,2025-07-26 10:44:00
R00029,O002221,wrong_item,2025-07-10 22:04:24
R00030,O028534,damaged,2025-07-24 09:59:40
R00031,O024453,wrong_item,2025-07-19 14:53:22
R00032,O003002,damaged,2025-07-17 16:17:04
R00033,O043192,late_delivery,2025-07-15 18:58:14
R00034,O024231,quality,2025-07-28 09:38:24
R00035,O048256,quality,2025-07-14 19:48:02
R00036,O047953,quality,2025-07-19 19:50:08
R00037,O030931,wrong_item,2025-07-28 21:07:53
R00038,O012985,changed_mind,2025-07-14 10:57:15
R00039,O009850,changed_mind,2025-07-13 13:16:07
R00040,O042478,damaged,2025-07-19 14:03:38
R00041,O022315,damaged,2025-07-20 09:42:46
R00042,O004611,damaged,2025-07-14 11:55:31
R00043,O013046,quality,2025-07-29 13:00:20
R00044,O037260,quality,2025-07-20 15:31:19
R00045,O005376,late_delivery,2025-07-25 16:38:37
R00046,O030727,wrong_item,2025-07-22 17:27:38
R00047,O038996,late_delivery,2025-07-22 18:09:57
R00048,O027641,changed_mind,2025-07-22 19:21:09
R00049,O031264,damaged,2025-07-27 20:09:34
R00050,O013058,changed_mind,2025-07-23 20:52:00
R00051,O020514,damaged,2025-07-23 13:47:58
R00052,O049821,changed_mind,2025-07-14 13:58:12
R00053,O046171,damaged,2025-07-15 17:09:53
R00054,O015525,changed_mind,2025-07-28 17:24:59
R00055,O017200,damaged,2025-07-17 18:02:07
R00056,O040462,damaged,2025-07-27 20:42:55
R00057,O019681,wrong_item,2025-07-30 20:47:01
R00058,O005763,wrong_item,2025-08-01 09:53:10
R00059,O025614,wrong_item,2025-07-18 11:23:33
R00060,O047560,quality,2025-07-28 11:27:25
R00061,O006313,damaged,2025-07-26 14:28:59
R00062,O022986,quality,2025-07-15 19:45:16
R00063,O030893,wrong_item,2025-07-30 14:25:33
R00064,O033253,damaged,2025-07-18 22:12:31
R00065,O007963,late_delivery,2025-07-26 22:34:10
R00066,O045896,quality,2025-08-03 13:00:08
R00067,O011020,quality,2025-07-29 20:01:40
R00068,O013723,late_delivery,2025-08-04 21:13:25
R00069,O041518,wrong_item,2025-08-02 22:18:18
R00070,O019097,quality,2025-07-18 22:41:26
R00071,O022511,quality,2025-07-23 11:12:17
R00072,O030574,quality,2025-07-20 13:19:02
R00073,O013649,wrong_item,2025-07-21 14:31:28
R00074,O000325,damaged,2025-07-31 22:28:51
R00075,O042046,quality,2025-08-04 10:18:48
R00076,O020015,late_delivery,2025-07-22 18:22:54
R00077,O031445,changed_mind,2025-08-04 20:40:09
R00078,O044503,wrong_item,2025-08-06 17:47:31
R00079,O009947,changed_mind,2025-07-31 18:06:22
R00080,O043616,wrong_item,2025-07-20 22:54:32
R00081,O041570,quality,2025-07-23 13:23:18
R00082,O005879,changed_mind,2025-07-22 15:38:35
R00083,O034601,wrong_item,2025-07-26 16:34:46
R00084,O019858,damaged,2025-07-24 17:05:34
R00085,O047389,quality,2025-08-05 18:27:52
R00086,O024644,changed_mind,2025-07-30 18:31:53
R00087,O022512,damaged,2025-07-26 19:44:17
R00088,O018774,late_delivery,2025-07-28 21:20:02
R00089,O029431,changed_mind,2025-07-23 09:56:17
R00090,O032247,damaged,2025-08-02 15:45:13
R00091,O014401,quality,2025-08-04 18:10:40
R00092,O009383,quality,2025-08-09 20:09:17
R00093,O025290,changed_mind,2025-07-24 20:10:29
R00094,O018848,wrong_item,2025-08-09 12:31:41
R00095,O021462,wrong_item,2025-07-28 15:41:22
R00096,O041269,changed_mind,2025-08-09 15:43:38
R00097,O004551,quality,2025-07-30 20:40:38
R00098,O015573,damaged,2025-08-10 12:03:33
R00099,O029575,quality,2025-08-10 13:48:35
R00100,O043621,quality,2025-08-03 13:54:53
R00101,O011569,late_delivery,2025-07-27 14:19:44
R00102,O007163,quality,2025-08-02 15:00:04
R00103,O040547,quality,2025-08-03 17:59:54
R00104,O035678,quality,2025-08-07 10:00:18
R00105,O018834,damaged,2025-08-13 11:23:33
R00106,O023601,damaged,2025-07-26 15:35:11
R00107,O024673,wrong_item,2025-08-07 20:15:20
R00108,O009078,quality,2025-08-08 09:19:53
R00109,O037931,changed_mind,2025-08-04 11:03:39
R00110,O047191,damaged,2025-08-09 22:50:31
R00111,O048852,changed_mind,2025-07-31 09:31:43
R00112,O009683,wrong_item,2025-08-04 10:48:35
R00113,O018032,wrong_item,2025-08-01 11:03:26
R00114,O015200,damaged,2025-08-04 16:12:04
R00115,O014163,damaged,2025-08-05 17:11:44
R00116,O044459,changed_mind,2025-08-03 18:42:32
R00117,O009241,changed_mind,2025-08-04 19:04:11
R00118,O009826,damaged,2025-08-10 16:08:58
R00119,O005849,quality,2025-07-29 16:57:12
R00120,O021069,late_delivery,2025-08-05 11:14:15
R00121,O027331,changed_mind,2025-08-11 11:23:11
R00122,O032802,wrong_item,2025-08-07 12:20:21
R00123,O013101,wrong_item,2025-08-13 13:11:08
R00124,O008404,quality,2025-08-01 12:37:22
R00125,O023957,quality,2025-08-01 13:37:59
R00126,O025675,quality,2025-08-15 20:55:27
R00127,O034548,damaged,2025-08-09 16:23:13
R00128,O025192,damaged,2025-08-14 20:37:33
R00129,O012085,late_delivery,2025-08-02 20:43:13
R00130,O044429,changed_mind,2025-08-19 22:18:54
R00131,O009573,quality,2025-08-17 11:06:45
R00132,O001441,damaged,2025-08-18 12:04:02
R00133,O018201,wrong_item,2025-08-12 19:43:54
R00134,O029201,changed_mind,2025-08-10 12:00:09
R00135,O015210,damaged,2025-08-10 13:15:49
R00136,O013974,quality,2025-08-07 20:49:17
R00137,O001529,changed_mind,2025-08-22 09:48:26
R00138,O004017,wrong_item,2025-08-07 13:12:23
R00139,O001367,quality,2025-08-16 14:12:53
R00140,O047579,quality,2025-08-10 17:17:02
R00141,O046138,late_delivery,2025-08-11 18:30:36
R00142,O002695,quality,2025-08-12 20:38:40
R00143,O009983,quality,2025-08-12 11:49:46
R00144,O031215,wrong_item,2025-08-14 13:38:29
R00145,O023572,wrong_item,2025-08-18 14:34:37
R00146,O015482,damaged,2025-08-18 21:31:59
R00147,O004355,damaged,2025-08-13 08:02:02
R00148,O033341,damaged,2025-08-19 16:52:24
R00149,O046342,damaged,2025-08-22 17:08:53
R00150,O034468,damaged,2025-08-07 11:02:44
R00151,O027297,wrong_item,2025-08-11 11:05:04
R00152,O010855,quality,2025-08-22 21:37:40
R00153,O023082,damaged,2025-08-18 10:00:56
R00154,O016679,quality,2025-08-26 10:02:10
R00155,O011530,quality,2025-08-24 22:02:12
R00156,O031948,changed_mind,2025-08-22 09:40:31
R00157,O043066,late_delivery,2025-08-14 13:41:38
R00158,O019272,quality,2025-08-13 13:56:53
R00159,O037402,changed_mind,2025-08-13 15:36:38
R00160,O021931,damaged,2025-08-20 21:31:58
R00161,O044278,wrong_item,2025-08-17 09:58:32
R00162,O001723,wrong_item,2025-08-12 14:25:15
R00163,O040384,wrong_item,2025-08-12 21:20:23
R00164,O044332,quality,2025-08-12 21:25:28
R00165,O034325,quality,2025-08-12 21:29:05
R00166,O008111,quality,2025-08-26 22:29:43
R00167,O038524,wrong_item,2025-08-14 13:20:06
R00168,O038027,wrong_item,2025-08-18 13:29:21
R00169,O044499,quality,2025-08-29 13:33:38
R00170,O021409,quality,2025-08-20 17:30:23
R00171,O038437,damaged,2025-08-24 18:36:52
R00172,O007517,late_delivery,2025-08-14 21:27:52
R00173,O009546,damaged,2025-08-23 14:13:47
R00174,O016046,wrong_item,2025-08-27 16:19:03
R00175,O006237,wrong_item,2025-08-20 16:33:45
R00176,O013073,late_delivery,2025-08-24 20:31:39
R00177,O031023,quality,2025-08-17 14:14:51
R00178,O014634,wrong_item,2025-08-29 14:35:40
R00179,O016933,damaged,2025-08-21 11:40:54
R00180,O033723,wrong_item,2025-08-17 12:19:13
R00181,O024108,quality,2025-08-23 16:11:24
R00182,O031814,wrong_item,2025-08-24 18:49:14
R00183,O019465,late_delivery,2025-08-21 20:57:11
R00184,O021118,wrong_item,2025-08-21 20:59:12
R00185,O044409,changed_mind,2025-08-21 21:33:17
R00186,O030327,wrong_item,2025-08-19 08:37:38
R00187,O013989,quality,2025-08-31 09:59:40
R00188,O019519,quality,2025-08-31 14:45:51
R00189,O042985,quality,2025-08-25 14:52:55
R00190,O015485,quality,2025-08-21 19:44:28
R00191,O030337,wrong_item,2025-08-18 08:42:23
R00192,O038514,wrong_item,2025-08-22 14:41:38
R00193,O002269,quality,2025-08-30 16:40:54
R00194,O000962,changed_mind,2025-08-27 19:21:51
R00195,O049282,damaged,2025-09-02 08:07:45
R00196,O030666,late_delivery,2025-09-04 12:11:28
R00197,O046841,quality,2025-08-27 14:35:50
R00198,O009595,damaged,2025-08-23 15:38:23
R00199,O026358,late_delivery,2025-09-04 16:11:46
R00200,O009651,quality,2025-08-24 22:29:00
R00201,O024532,wrong_item,2025-08-30 12:54:50
R00202,O026410,changed_mind,2025-09-03 15:40:57
R00203,O038063,late_delivery,2025-08-24 16:42:45
R00204,O013691,late_delivery,2025-08-23 17:23:52
R00205,O018209,wrong_item,2025-09-08 10:03:47
R00206,O025465,changed_mind,2025-08-28 13:43:46
R00207,O007514,wrong_item,2025-08-26 15:26:50
R00208,O045448,wrong_item,2025-09-05 22:20:14
R00209,O013298,damaged,2025-08-28 08:31:22
R00210,O020463,damaged,2025-09-01 14:15:17
R00211,O003711,changed_mind,2025-09-07 20:19:44
R00212,O044813,quality,2025-09-03 10:44:40
R00213,O040223,quality,2025-09-01 16:55:51
R00214,O018986,damaged,2025-08-26 08:14:51
R00215,O008974,wrong_item,2025-09-02 08:34:25
R00216,O027025,late_delivery,2025-09-07 11:05:40
R00217,O030642,late_delivery,2025-09-12 11:49:19
R00218,O009091,damaged,2025-09-11 12:52:49
R00219,O043872,quality,2025-08-25 20:13:39
R00220,O014130,damaged,2025-08-26 20:58:55
R00221,O049015,changed_mind,2025-09-08 22:33:55
R00222,O033359,changed_mind,2025-09-12 10:08:46
R00223,O015611,quality,2025-09-11 10:15:14
R00224,O030460,damaged,2025-09-04 11:41:49
R00225,O026842,wrong_item,2025-09-06 11:52:57
R00226,O011144,wrong_item,2025-09-06 12:08:53
R00227,O046166,quality,2025-09-07 12:53:22
R00228,O025319,damaged,2025-09-05 12:58:41
R00229,O033862,late_delivery,2025-08-29 17:31:23
R00230,O038604,changed_mind,2025-09-09 18:04:28
R00231,O038586,quality,2025-09-07 20:22:36
R00232,O027888,damaged,2025-09-06 22:11:32
R00233,O002318,quality,2025-09-08 22:20:37
R00234,O029784,late_delivery,2025-09-09 08:52:03
R00235,O047177,quality,2025-08-29 09:56:28
R00236,O017961,wrong_item,2025-09-05 11:51:46
R00237,O014173,changed_mind,2025-08-29 12:08:49
R00238,O011822,damaged,2025-09-12 12:59:44
R00239,O006245,wrong_item,2025-09-12 15:49:46
R00240,O008287,changed_mind,2025-08-30 16:03:54
R00241,O027833,quality,2025-09-12 18:22:51
R00242,O014244,quality,2025-09-02 21:50:03
R00243,O017352,changed_mind,2025-09-05 22:57:05
R00244,O003665,quality,2025-09-07 11:03:12
R00245,O047965,changed_mind,2025-09-01 15:14:09
R00246,O001085,wrong_item,2025-09-16 17:11:08
R00247,O004822,quality,2025-09-12 18:41:01
R00248,O012468,wrong_item,2025-09-07 19:33:51
R00249,O030029,wrong_item,2025-09-04 20:09:18
R00250,O021856,quality,2025-09-04 08:52:04
R00251,O025612,quality,2025-09-08 09:05:49
R00252,O012502,quality,2025-09-09 13:31:42
R00253,O025339,quality,2025-09-04 17:07:30
R00254,O016574,changed_mind,2025-09-07 18:29:06
R00255,O008842,damaged,2025-09-11 19:06:13
R00256,O012599,quality,2025-09-16 10:23:27
R00257,O029723,damaged,2025-09-18 14:44:35
R00258,O016008,damaged,2025-09-05 18:33:26
R00259,O047954,damaged,2025-09-07 08:57:36
R00260,O038589,quality,2025-09-10 09:05:07
R00261,O047884,quality,2025-09-18 11:16:50
R00262,O024219,damaged,2025-09-14 14:54:29
R00263,O010455,changed_mind,2025-09-07 15:34:30
R00264,O029882,wrong_item,2025-09-19 17:01:35
R00265,O034050,changed_mind,2025-09-15 10:26:00
R00266,O023701,damaged,2025-09-03 10:44:38
R00267,O016906,damaged,2025-09-09 15:15:24
R00268,O020273,damaged,2025-09-13 17:55:53
R00269,O020219,changed_mind,2025-09-08 21:13:06
R00270,O004856,changed_mind,2025-09-04 12:36:11
R00271,O029807,quality,2025-09-16 18:28:26
R00272,O015021,quality,2025-09-19 20:18:18
R00273,O023785,damaged,2025-09-09 22:12:13
R00274,O024201,late_delivery,2025-09-10 10:27:32
R00275,O039743,wrong_item,2025-09-18 16:46:15
R00276,O008649,late_delivery,2025-09-04 21:27:10
R00277,O000954,damaged,2025-09-15 21:34:05
R00278,O012073,quality,2025-09-15 11:17:33
R00279,O013939,quality,2025-09-12 21:39:18
R00280,O031766,damaged,2025-09-17 09:40:59
R00281,O045469,quality,2025-09-17 09:41:21
R00282,O011904,quality,2025-09-22 10:52:16
R00283,O043784,wrong_item,2025-09-19 12:50:17
R00284,O021582,quality,2025-09-24 14:37:54
R00285,O040191,changed_mind,2025-09-06 15:25:35
R00286,O009590,late_delivery,2025-09-08 15:57:15
R00287,O018016,quality,2025-09-19 20:36:13
R00288,O043612,wrong_item,2025-09-22 15:34:15
R00289,O010918,wrong_item,2025-09-10 15:54:53
R00290,O040919,quality,2025-09-13 16:11:26
R00291,O037734,quality,2025-09-24 18:26:04
R00292,O034319,damaged,2025-09-16 10:10:25
R00293,O029189,quality,2025-09-10 12:06:15
R00294,O027738,quality,2025-09-21 12:54:56
R00295,O000506,changed_mind,2025-09-15 14:07:58
R00296,O036631,changed_mind,2025-09-24 15:07:17
R00297,O045109,changed_mind,2025-09-22 16:49:27
R00298,O020057,quality,2025-09-22 18:26:38
R00299,O008833,quality,2025-09-11 22:00:43
R00300,O043744,quality,2025-09-11 22:42:12
R00301,O024111,damaged,2025-09-25 13:31:39
R00302,O023297,quality,2025-09-15 16:05:35
R00303,O023044,quality,2025-09-23 16:12:17
R00304,O007114,damaged,2025-09-24 17:33:38
R00305,O043373,quality,2025-09-21 18:22:28
R00306,O017689,quality,2025-09-16 19:13:59
R00307,O040796,late_delivery,2025-09-12 09:10:22
R00308,O034723,quality,2025-09-27 10:29:51
R00309,O003032,late_delivery,2025-09-19 11:05:39
R00310,O020884,quality,2025-09-16 15:32:41
R00311,O014781,damaged,2025-09-19 16:41:38
R00312,O014144,damaged,2025-09-25 11:01:12
R00313,O000694,quality,2025-09-22 18:07:41
R00314,O020227,damaged,2025-09-24 20:40:34
R00315,O013987,changed_mind,2025-09-17 21:35:38
R00316,O017549,changed_mind,2025-09-28 22:27:57
R00317,O041905,quality,2025-09-15 09:35:07
R00318,O046814,quality,2025-09-14 09:58:51
R00319,O015725,damaged,2025-09-18 12:47:14
R00320,O027915,wrong_item,2025-09-19 13:35:03
R00321,O002292,quality,2025-09-14 14:12:26
R00322,O012637,quality,2025-09-27 17:47:37
R00323,O033201,quality,2025-09-22 11:43:27
R00324,O047701,wrong_item,2025-09-21 13:40:06
R00325,O007599,changed_mind,2025-09-28 14:43:02
R00326,O021709,changed_mind,2025-09-23 16:26:04
R00327,O024868,quality,2025-09-13 17:02:04
R00328,O046850,damaged,2025-09-26 18:33:41
R00329,O002313,wrong_item,2025-09-30 08:44:25
R00330,O026928,changed_mind,2025-09-17 09:28:53
R00331,O029020,damaged,2025-09-22 10:54:07
R00332,O048299,late_delivery,2025-09-21 15:47:37
R00333,O013162,late_delivery,2025-09-20 18:00:47
R00334,O025327,quality,2025-09-15 20:01:08
R00335,O034555,wrong_item,2025-09-28 20:58:55
R00336,O033164,wrong_item,2025-09-27 20:59:34
R00337,O011387,quality,2025-09-21 21:28:24
R00338,O045564,wrong_item,2025-10-01 08:56:32
R00339,O023512,quality,2025-09-30 10:32:54
R00340,O048608,quality,2025-09-20 12:43:06
R00341,O009275,damaged,2025-09-15 13:48:53
R00342,O013414,quality,2025-10-03 13:55:31
R00343,O043729,wrong_item,2025-09-28 15:31:47
R00344,O033176,quality,2025-09-15 22:32:50
R00345,O024252,damaged,2025-09-23 10:51:56
R00346,O010279,changed_mind,2025-09-25 11:12:06
R00347,O015145,wrong_item,2025-09-27 12:57:14
R00348,O009278,damaged,2025-10-03 16:46:30
R00349,O008467,wrong_item,2025-09-18 17:58:10
R00350,O028735,wrong_item,2025-09-28 19:46:28
R00351,O019855,wrong_item,2025-09-16 20:32:26
R00352,O034720,late_delivery,2025-09-27 21:42:13
R00353,O018487,wrong_item,2025-09-25 15:21:38
R00354,O000305,quality,2025-10-04 09:10:12
R00355,O035125,quality,2025-09-18 11:47:11
R00356,O039638,wrong_item,2025-10-03 14:46:33
R00357,O038279,damaged,2025-10-05 10:22:20
R00358,O039625,quality,2025-09-23 15:10:37
R00359,O047823,damaged,2025-09-24 15:55:01
R00360,O007016,late_delivery,2025-09-29 20:24:23
R00361,O039146,changed_mind,2025-09-27 10:54:34
R00362,O026913,quality,2025-09-26 13:15:59
R00363,O038549,changed_mind,2025-09-27 17:51:27
R00364,O012596,wrong_item,2025-09-24 20:26:06
R00365,O021844,wrong_item,2025-09-28 22:33:26
R00366,O047556,quality,2025-10-05 08:55:44
R00367,O007412,quality,2025-09-26 11:19:12
R00368,O018422,wrong_item,2025-09-21 11:51:29
R00369,O009145,wrong_item,2025-10-03 13:39:53
R00370,O008326,wrong_item,2025-10-07 08:07:24
R00371,O031381,quality,2025-10-10 13:23:46
R00372,O002030,quality,2025-10-01 14:42:10
R00373,O027163,wrong_item,2025-10-03 14:46:26
R00374,O048292,damaged,2025-09-29 16:26:48
R00375,O033042,late_delivery,2025-10-06 20:02:47
R00376,O047152,wrong_item,2025-10-06 22:03:51
R00377,O023391,damaged,2025-10-11 09:33:36
R00378,O022339,changed_mind,2025-09-23 11:12:03
R00379,O039649,changed_mind,2025-10-01 13:13:16
R00380,O040128,quality,2025-09-30 21:03:39
R00381,O012025,changed_mind,2025-09-30 15:41:31
R00382,O001403,wrong_item,2025-10-03 21:01:25
R00383,O005463,quality,2025-10-11 16:31:31
R00384,O034359,quality,2025-10-11 21:12:02
R00385,O020326,wrong_item,2025-10-01 10:41:36
R00386,O023795,damaged,2025-10-01 12:09:35
R00387,O001337,quality,2025-10-10 16:07:52
R00388,O033708,damaged,2025-10-14 17:51:24
R00389,O010423,wrong_item,2025-10-13 08:52:47
R00390,O010696,late_delivery,2025-10-01 13:30:03
R00391,O024167,changed_mind,2025-10-08 18:42:43
R00392,O049766,damaged,2025-10-08 09:44:51
R00393,O028210,damaged,2025-10-02 20:48:49
R00394,O039975,damaged,2025-10-10 20:50:07
R00395,O032759,late_delivery,2025-10-16 10:04:20
R00396,O018299,wrong_item,2025-10-03 12:30:08
R00397,O001344,quality,2025-10-17 13:34:02
R00398,O044261,changed_mind,2025-10-15 14:34:53
R00399,O005477,late_delivery,2025-10-15 14:37:27
R00400,O005304,wrong_item,2025-10-04 17:41:20
R00401,O048957,damaged,2025-09-30 21:48:52
R00402,O040190,wrong_item,2025-10-02 10:24:25
R00403,O037526,wrong_item,2025-10-18 12:18:19
R00404,O003901,late_delivery,2025-10-08 12:27:21
R00405,O000853,late_delivery,2025-10-10 14:02:16
R00406,O012381,wrong_item,2025-10-01 14:02:57
R00407,O038133,quality,2025-10-13 15:02:33
R00408,O022204,wrong_item,2025-10-18 16:16:05
R00409,O011122,damaged,2025-10-06 16:30:52
R00410,O007639,changed_mind,2025-10-15 19:03:51
R00411,O014625,damaged,2025-10-14 21:52:06
R00412,O002727,late_delivery,2025-10-10 22:30:56
R00413,O032127,changed_mind,2025-10-06 11:18:21
R00414,O011647,quality,2025-10-12 13:30:53
R00415,O014179,wrong_item,2025-10-08 14:01:57
R00416,O039114,changed_mind,2025-10-07 22:28:01
R00417,O036375,damaged,2025-10-11 14:27:55
R00418,O037007,quality,2025-10-10 18:14:09
R00419,O000402,quality,2025-10-16 08:42:45
R00420,O037753,damaged,2025-10-06 17:46:37
R00421,O017117,wrong_item,2025-10-03 18:11:44
R00422,O007949,quality,2025-10-17 20:33:57
R00423,O049691,damaged,2025-10-16 20:35:39
R00424,O006200,changed_mind,2025-10-14 10:20:00
R00425,O035209,wrong_item,2025-10-09 13:02:36
R00426,O016125,late_delivery,2025-10-15 21:46:59
R00427,O040874,damaged,2025-10-05 08:58:50
R00428,O019870,damaged,2025-10-16 18:05:31
R00429,O016815,late_delivery,2025-10-19 18:37:20
R00430,O003309,damaged,2025-10-24 11:24:31
R00431,O007294,damaged,2025-10-24 13:38:31
R00432,O049949,quality,2025-10-07 20:07:52
R00433,O018175,late_delivery,2025-10-08 08:55:55
R00434,O003995,changed_mind,2025-10-11 10:29:17
R00435,O022460,wrong_item,2025-10-12 13:32:46
R00436,O026548,wrong_item,2025-10-20 16:05:25
R00437,O010045,quality,2025-10-18 16:44:19
R00438,O009638,changed_mind,2025-10-19 17:26:52
R00439,O019325,wrong_item,2025-10-17 17:48:10
R00440,O034640,wrong_item,2025-10-23 18:52:56
R00441,O034850,quality,2025-10-18 13:32:59
R00442,O039407,quality,2025-10-13 08:22:54
R00443,O035369,wrong_item,2025-10-22 10:18:01
R00444,O020553,quality,2025-10-14 11:19:24
R00445,O040307,damaged,2025-10-20 13:02:00
R00446,O038773,wrong_item,2025-10-21 13:58:32
R00447,O008353,changed_mind,2025-10-11 14:53:13
R00448,O036231,wrong_item,2025-10-18 17:34:16
R00449,O021081,quality,2025-10-13 18:48:12
R00450,O008489,wrong_item,2025-10-21 19:40:22
R00451,O047931,wrong_item,2025-10-12 21:58:06
R00452,O048056,damaged,2025-10-10 15:17:02
R00453,O035784,quality,2025-10-24 15:58:26
R00454,O046449,changed_mind,2025-10-19 19:40:56
R00455,O035761,wrong_item,2025-10-24 12:02:03
R00456,O017722,quality,2025-10-18 12:24:02
R00457,O010988,quality,2025-10-16 15:12:08
R00458,O022761,quality,2025-10-25 16:47:49
R00459,O040309,quality,2025-10-30 09:49:33
R00460,O046118,quality,2025-10-28 17:43:40
R00461,O032594,wrong_item,2025-10-12 17:58:46
R00462,O001590,wrong_item,2025-10-18 18:02:38
R00463,O006751,changed_mind,2025-10-21 19:15:10
R00464,O018577,changed_mind,2025-10-26 21:28:30
R00465,O037222,changed_mind,2025-10-21 13:07:56
R00466,O035398,changed_mind,2025-10-23 14:24:15
R00467,O031399,late_delivery,2025-10-21 14:48:06
R00468,O002707,damaged,2025-10-21 16:33:37
R00469,O020647,changed_mind,2025-10-31 17:21:18
R00470,O047859,damaged,2025-10-31 20:42:46
R00471,O014298,damaged,2025-10-29 22:09:59
R00472,O014372,quality,2025-10-19 08:34:40
R00473,O009377,quality,2025-10-18 10:41:05
R00474,O002153,quality,2025-10-25 13:59:59
R00475,O007498,changed_mind,2025-10-23 14:32:11
R00476,O016930,late_delivery,2025-10-26 15:35:12
R00477,O028165,late_delivery,2025-10-19 16:30:42
R00478,O034612,changed_mind,2025-10-16 16:42:12
R00479,O033927,quality,2025-10-16 21:29:19
R00480,O021112,quality,2025-10-18 22:33:51
R00481,O035050,damaged,2025-10-15 11:28:07
R00482,O041406,damaged,2025-10-26 15:31:13
R00483,O042463,damaged,2025-10-19 16:39:28
R00484,O005782,changed_mind,2025-11-03 08:06:26
R00485,O012800,late_delivery,2025-10-24 10:21:11
R00486,O024269,damaged,2025-10-21 15:25:38
R00487,O027973,wrong_item,2025-10-24 15:50:31
R00488,O024210,changed_mind,2025-10-24 17:39:30
R00489,O036097,damaged,2025-10-18 19:38:00
R00490,O027628,quality,2025-11-01 19:51:25
R00491,O012671,damaged,2025-10-18 13:27:02
R00492,O013684,quality,2025-10-17 16:01:06
R00493,O047969,wrong_item,2025-10-21 19:56:47
R00494,O022282,wrong_item,2025-11-05 20:47:17
R00495,O022348,quality,2025-10-20 21:49:27
R00496,O047194,quality,2025-11-03 12:12:01
R00497,O018145,quality,2025-11-03 14:55:31
R00498,O040567,wrong_item,2025-10-28 16:22:10
R00499,O015225,quality,2025-11-07 08:41:28
R00500,O018266,quality,2025-10-26 10:19:58
R00501,O021027,late_delivery,2025-10-30 12:18:32
R00502,O035211,quality,2025-10-24 12:40:28
R00503,O012239,changed_mind,2025-11-06 15:55:25
R00504,O031425,wrong_item,2025-11-05 16:56:59
R00505,O000214,quality,2025-10-25 19:34:43
R00506,O017740,damaged,2025-11-01 22:43:05
R00507,O034671,quality,2025-10-31 08:11:21
R00508,O037650,quality,2025-10-24 09:55:58
R00509,O001661,quality,2025-11-07 09:58:19
R00510,O037830,changed_mind,2025-10-22 14:05:09
R00511,O043569,damaged,2025-11-05 14:56:44
R00512,O037359,damaged,2025-10-25 16:55:42
R00513,O034778,changed_mind,2025-10-29 17:02:07
R00514,O042281,changed_mind,2025-10-30 17:25:27
R00515,O019288,changed_mind,2025-11-08 18:09:12
R00516,O022319,quality,2025-10-30 20:26:34
R00517,O033824,quality,2025-11-06 21:05:21
R00518,O004136,quality,2025-11-03 21:38:45
R00519,O031768,quality,2025-11-05 08:54:05
R00520,O042633,wrong_item,2025-10-27 18:13:27
R00521,O037442,damaged,2025-11-06 14:31:39
R00522,O011342,quality,2025-11-08 17:36:42
R00523,O023760,quality,2025-11-09 18:53:27
R00524,O049759,damaged,2025-11-02 21:03:06
R00525,O013771,quality,2025-11-01 21:08:19
R00526,O026764,changed_mind,2025-11-01 21:32:10
R00527,O016831,changed_mind,2025-10-31 21:40:07
R00528,O026641,quality,2025-11-02 10:38:48
R00529,O028832,changed_mind,2025-10-31 12:18:19
R00530,O014958,late_delivery,2025-11-06 15:13:18
R00531,O009263,quality,2025-11-09 17:24:41
R00532,O006750,damaged,2025-10-28 08:53:40
R00533,O024805,quality,2025-10-27 14:25:12
R00534,O033650,quality,2025-11-08 17:01:30
R00535,O005409,wrong_item,2025-10-31 08:52:04
R00536,O024272,damaged,2025-11-09 09:26:05
R00537,O030108,quality,2025-11-13 09:47:40
R00538,O044744,damaged,2025-11-03 11:28:06
R00539,O038350,late_delivery,2025-10-27 12:06:05
R00540,O005724,damaged,2025-10-31 17:08:11
R00541,O034731,quality,2025-11-10 18:35:51
R00542,O035145,changed_mind,2025-10-29 22:45:57
R00543,O024119,quality,2025-11-08 15:16:09
R00544,O006545,quality,2025-10-28 18:28:34
R00545,O031374,quality,2025-11-04 19:17:16
R00546,O041488,changed_mind,2025-10-31 21:27:19
R00547,O043628,damaged,2025-11-15 22:28:31
R00548,O046385,wrong_item,2025-11-14 22:50:08
R00549,O003239,changed_mind,2025-11-07 12:40:13
R00550,O014880,damaged,2025-11-09 14:42:33
R00551,O027269,late_delivery,2025-11-06 14:48:37
R00552,O045651,quality,2025-11-07 18:41:33
R00553,O048959,changed_mind,2025-11-07 18:43:00
R00554,O012964,quality,2025-11-03 19:29:32
R00555,O038018,damaged,2025-11-10 14:04:20
R00556,O025768,quality,2025-10-30 15:29:38
R00557,O020396,quality,2025-10-31 19:47:24
R00558,O040117,quality,2025-11-10 09:35:20
R00559,O014223,wrong_item,2025-11-15 10:31:55
R00560,O037011,wrong_item,2025-11-16 11:13:04
R00561,O006006,damaged,2025-11-08 17:35:40
R00562,O004727,quality,2025-11-03 18:17:58
R00563,O024720,changed_mind,2025-11-06 09:25:43
R00564,O033872,changed_mind,2025-11-05 09:57:44
R00565,O001735,changed_mind,2025-11-10 10:54:13
R00566,O045360,changed_mind,2025-11-17 13:55:58
R00567,O010479,changed_mind,2025-11-08 15:25:21
R00568,O043160,damaged,2025-11-15 17:08:45
R00569,O015409,damaged,2025-11-19 20:36:47
R00570,O020567,damaged,2025-11-21 08:38:42
R00571,O045631,damaged,2025-11-08 09:30:39
R00572,O009266,damaged,2025-11-09 09:55:27
R00573,O041382,quality,2025-11-13 10:23:28
R00574,O039113,changed_mind,2025-11-05 10:45:40
R00575,O015601,damaged,2025-11-12 13:16:28
R00576,O006163,wrong_item,2025-11-14 16:42:44
R00577,O042119,late_delivery,2025-11-10 17:03:41
R00578,O035522,damaged,2025-11-21 17:09:43
R00579,O037358,quality,2025-11-18 17:26:49
R00580,O014068,changed_mind,2025-11-21 17:26:56
R00581,O045419,damaged,2025-11-20 18:14:03
R00582,O035984,late_delivery,2025-11-11 19:50:56
R00583,O049887,changed_mind,2025-11-08 20:21:08
R00584,O002686,wrong_item,2025-11-10 20:40:01
R00585,O043006,wrong_item,2025-11-13 14:33:18
R00586,O037355,damaged,2025-11-19 15:02:07
R00587,O022489,quality,2025-11-22 15:26:18
R00588,O009783,changed_mind,2025-11-11 15:29:25
R00589,O006794,quality,2025-11-15 15:56:28
R00590,O038419,quality,2025-11-07 16:57:26
R00591,O049495,damaged,2025-11-18 17:18:08
R00592,O014107,late_delivery,2025-11-20 18:37:12
R00593,O020373,changed_mind,2025-11-12 20:28:24
R00594,O014426,late_delivery,2025-11-20 21:28:47
R00595,O008661,quality,2025-11-12 22:33:32
R00596,O017183,quality,2025-11-07 22:39:42
R00597,O047551,wrong_item,2025-11-18 22:44:28
R00598,O049204,quality,2025-11-05 09:15:32
R00599,O015340,damaged,2025-11-06 09:54:24
R00600,O003703,damaged,2025-11-17 10:57:19
R00601,O038909,quality,2025-11-21 11:21:03
R00602,O038138,quality,2025-11-19 11:58:17
R00603,O000520,changed_mind,2025-11-22 13:22:22
R00604,O021416,wrong_item,2025-11-20 13:39:42
R00605,O035313,quality,2025-11-09 16:53:16
R00606,O038339,damaged,2025-11-09 17:10:41
R00607,O021703,late_delivery,2025-11-11 20:58:44
R00608,O018568,quality,2025-11-15 21:09:17
R00609,O026503,damaged,2025-11-07 22:46:05
R00610,O048426,late_delivery,2025-11-09 09:28:28
R00611,O027388,damaged,2025-11-09 10:48:04
R00612,O024545,late_delivery,2025-11-20 11:31:40
R00613,O017451,damaged,2025-11-22 11:46:42
R00614,O040886,late_delivery,2025-11-14 15:37:46
R00615,O019128,quality,2025-11-14 15:47:45
R00616,O047502,quality,2025-11-11 16:26:34
R00617,O000936,quality,2025-11-16 21:12:36
R00618,O022495,quality,2025-11-07 09:34:31
R00619,O036053,quality,2025-11-07 10:23:29
R00620,O011750,quality,2025-11-07 12:21:40
R00621,O042420,quality,2025-11-15 12:22:44
R00622,O018528,quality,2025-11-17 13:17:58
R00623,O026584,damaged,2025-11-19 15:48:31
R00624,O007226,changed_mind,2025-11-18 15:54:10
R00625,O011199,late_delivery,2025-11-13 16:19:07
R00626,O041003,quality,2025-11-12 16:33:10
R00627,O023475,wrong_item,2025-11-21 17:50:14
R00628,O010942,changed_mind,2025-11-15 18:05:40
R00629,O003731,quality,2025-11-16 20:43:43
R00630,O026407,wrong_item,2025-11-25 22:06:19
R00631,O045391,damaged,2025-11-23 22:29:24
R00632,O024319,wrong_item,2025-11-16 11:56:04
R00633,O032782,quality,2025-11-24 18:48:53
R00634,O048667,wrong_item,2025-11-16 22:35:32
R00635,O033469,quality,2025-11-11 11:39:56
R00636,O009944,damaged,2025-11-09 13:56:02
R00637,O032884,wrong_item,2025-11-09 15:00:14
R00638,O048585,changed_mind,2025-11-27 15:06:53
R00639,O010927,changed_mind,2025-11-22 15:39:25
R00640,O031271,changed_mind,2025-11-13 15:52:56
R00641,O008582,quality,2025-11-23 16:55:40
R00642,O027447,damaged,2025-11-15 19:07:10
R00643,O008060,wrong_item,2025-11-18 19:20:28
R00644,O026504,changed_mind,2025-11-18 09:07:01
R00645,O034040,quality,2025-11-18 10:42:18
R00646,O040841,wrong_item,2025-11-10 12:10:15
R00647,O019604,changed_mind,2025-11-18 18:03:01
R00648,O004354,quality,2025-11-10 19:01:02
R00649,O004204,damaged,2025-11-26 19:37:59
R00650,O017936,quality,2025-11-20 19:47:18
R00651,O012311,quality,2025-11-11 19:53:42
R00652,O024544,changed_mind,2025-11-23 20:55:36
R00653,O003404,damaged,2025-11-10 21:08:21
R00654,O047679,late_delivery,2025-11-14 21:49:16
R00655,O035582,late_delivery,2025-11-18 22:32:17
R00656,O044081,damaged,2025-11-11 22:36:53
R00657,O032728,quality,2025-11-11 09:09:21
R00658,O048644,wrong_item,2025-11-13 10:08:44
R00659,O043915,wrong_item,2025-11-16 10:49:43
R00660,O010640,quality,2025-11-20 15:44:36
R00661,O026577,late_delivery,2025-11-17 15:49:06
R00662,O004935,wrong_item,2025-11-19 19:44:15
R00663,O023678,wrong_item,2025-11-27 08:53:42
R00664,O017290,wrong_item,2025-11-26 08:56:33
R00665,O049095,quality,2025-11-25 09:47:24
R00666,O019792,changed_mind,2025-11-18 10:37:53
R00667,O011370,quality,2025-11-15 14:52:15
R00668,O039491,changed_mind,2025-11-25 14:56:03
R00669,O021833,wrong_item,2025-11-12 15:50:49
R00670,O036851,wrong_item,2025-11-16 15:53:32
R00671,O002250,damaged,2025-11-14 16:09:30
R00672,O013282,changed_mind,2025-11-29 16:43:54
R00673,O018447,late_delivery,2025-11-23 16:52:51
R00674,O001558,changed_mind,2025-11-22 17:18:59
R00675,O043995,quality,2025-11-25 17:38:33
R00676,O031274,changed_mind,2025-11-13 17:52:59
R00677,O032276,quality,2025-11-15 19:29:34
R00678,O034592,wrong_item,2025-11-24 21:24:59
R00679,O002936,changed_mind,2025-11-17 22:04:11
R00680,O037664,wrong_item,2025-11-30 08:15:10
R00681,O014455,wrong_item,2025-12-01 09:05:53
R00682,O045383,quality,2025-11-16 09:36:55
R00683,O026232,quality,2025-11-21 11:56:38
R00684,O032795,quality,2025-11-21 13:02:25
R00685,O044184,quality,2025-11-25 17:18:50
R00686,O010884,changed_mind,2025-11-30 17:22:10
R00687,O024708,quality,2025-11-21 17:48:08
R00688,O031818,damaged,2025-11-18 20:03:25
R00689,O021010,quality,2025-11-19 21:52:40
R00690,O046787,quality,2025-11-22 09:32:30
R00691,O014713,damaged,2025-11-23 10:10:23
R00692,O038716,damaged,2025-11-26 11:55:44
R00693,O002187,changed_mind,2025-11-20 12:47:11
R00694,O006619,damaged,2025-11-27 14:00:43
R00695,O045662,quality,2025-11-22 14:16:00
R00696,O000755,changed_mind,2025-11-16 15:53:46
R00697,O047794,wrong_item,2025-11-19 16:08:32
R00698,O048431,damaged,2025-11-28 19:09:41
R00699,O045593,quality,2025-11-27 21:43:33
R00700,O014792,quality,2025-11-14 22:52:54
R00701,O023056,wrong_item,2025-11-28 10:14:51
R00702,O029527,damaged,2025-11-24 11:31:21
R00703,O048596,changed_mind,2025-11-18 11:44:53
R00704,O001596,late_delivery,2025-11-16 12:42:57
R00705,O037115,changed_mind,2025-11-15 13:37:51
R00706,O000117,changed_mind,2025-11-17 13:56:11
R00707,O002509,quality,2025-11-28 14:13:57
R00708,O023836,wrong_item,2025-11-23 19:26:48
R00709,O015318,damaged,2025-11-17 19:37:28
R00710,O039836,damaged,2025-11-15 22:04:44
R00711,O025257,damaged,2025-11-29 08:20:04
R00712,O004051,changed_mind,2025-11-30 08:57:29
R00713,O016782,quality,2025-11-22 11:14:40
R00714,O039997,damaged,2025-11-16 11:16:02
R00715,O001404,wrong_item,2025-12-04 12:18:12
R00716,O036141,changed_mind,2025-11-25 16:05:35
R00717,O021824,wrong_item,2025-11-17 20:12:21
R00718,O040298,wrong_item,2025-11-28 21:10:52
R00719,O008439,quality,2025-11-26 10:00:28
R00720,O041847,changed_mind,2025-11-28 12:40:29
R00721,O004512,late_delivery,2025-11-22 15:28:19
R00722,O021619,damaged,2025-11-20 15:46:22
R00723,O010328,late_delivery,2025-11-26 17:58:11
R00724,O009828,quality,2025-11-27 19:05:29
R00725,O027340,quality,2025-12-04 19:18:17
R00726,O045569,wrong_item,2025-12-04 19:44:30
R00727,O015304,quality,2025-11-27 19:48:13
R00728,O037367,late_delivery,2025-11-29 20:27:03
R00729,O002575,damaged,2025-12-03 08:25:22
R00730,O041246,quality,2025-12-02 08:46:41
R00731,O047912,quality,2025-12-03 10:40:03
R00732,O041577,damaged,2025-11-21 10:58:59
R00733,O028059,late_delivery,2025-11-27 12:32:48
R00734,O001522,quality,2025-11-28 13:29:16
R00735,O044163,damaged,2025-11-22 14:23:00
R00736,O007168,wrong_item,2025-12-06 14:27:50
R00737,O048033,changed_mind,2025-11-26 16:28:03
R00738,O041323,changed_mind,2025-11-27 16:36:32
R00739,O023471,late_delivery,2025-11-20 17:21:35
R00740,O035199,quality,2025-12-06 19:41:55
R00741,O011545,quality,2025-12-06 20:03:25
R00742,O025667,wrong_item,2025-12-03 20:08:59
R00743,O002917,damaged,2025-11-18 20:21:26
R00744,O024291,quality,2025-11-30 21:23:17
R00745,O011786,changed_mind,2025-11-24 22:58:08
R00746,O043602,quality,2025-12-06 08:50:50
R00747,O009699,damaged,2025-12-04 10:40:37
R00748,O000743,late_delivery,2025-11-21 12:10:50
R00749,O008024,wrong_item,2025-11-26 12:27:00
R00750,O012873,quality,2025-12-01 12:55:24
R00751,O002776,damaged,2025-11-26 13:58:03
R00752,O017249,damaged,2025-11-27 14:06:40
R00753,O009147,wrong_item,2025-12-07 15:15:25
R00754,O023854,quality,2025-11-22 15:53:25
R00755,O016528,late_delivery,2025-12-02 16:38:33
R00756,O006361,damaged,2025-11-27 17:13:38
R00757,O027023,quality,2025-11-24 19:47:11
R00758,O043841,damaged,2025-11-25 22:32:29
R00759,O013534,changed_mind,2025-11-20 22:50:38
R00760,O044628,changed_mind,2025-11-27 08:06:50
R00761,O035817,quality,2025-12-01 11:49:37
R00762,O043001,changed_mind,2025-12-05 12:07:23
R00763,O030968,damaged,2025-11-28 15:16:58
R00764,O010567,damaged,2025-11-28 15:48:39
R00765,O038434,quality,2025-12-04 17:26:29
R00766,O005323,damaged,2025-11-30 19:19:37
R00767,O005764,wrong_item,2025-11-29 21:47:01
R00768,O026212,wrong_item,2025-11-25 22:37:00
R00769,O003014,quality,2025-12-03 08:24:06
R00770,O023372,changed_mind,2025-11-26 10:35:49
R00771,O026095,quality,2025-11-27 16:19:41
R00772,O020503,quality,2025-11-28 18:09:00
R00773,O010796,wrong_item,2025-12-03 18:24:07
R00774,O001365,damaged,2025-11-23 19:03:26
R00775,O042154,wrong_item,2025-12-08 20:02:49
R00776,O007941,changed_mind,2025-11-27 20:12:46
R00777,O023230,damaged,2025-11-27 20:53:41
R00778,O029825,damaged,2025-11-26 20:59:37
R00779,O016115,damaged,2025-12-01 21:55:29
R00780,O028930,quality,2025-12-09 22:12:47
R00781,O035491,late_delivery,2025-12-05 08:24:58
R00782,O047112,damaged,2025-12-05 08:26:59
R00783,O046351,changed_mind,2025-11-26 09:01:50
R00784,O017111,quality,2025-12-05 10:18:28
R00785,O008494,quality,2025-12-01 12:51:35
R00786,O000079,wrong_item,2025-12-10 13:51:17
R00787,O020750,damaged,2025-12-03 14:12:10
R00788,O016999,changed_mind,2025-11-25 19:02:41
R00789,O006240,damaged,2025-11-24 20:07:56
R00790,O029072,damaged,2025-12-05 21:37:20
R00791,O047455,damaged,2025-12-08 08:10:39
R00792,O027342,changed_mind,2025-11-26 09:16:47
R00793,O041789,quality,2025-12-03 09:39:56
R00794,O039390,damaged,2025-11-30 15:16:41
R00795,O007542,changed_mind,2025-12-06 19:07:16
R00796,O046877,wrong_item,2025-12-05 19:59:04
R00797,O044432,late_delivery,2025-11-24 20:22:40
R00798,O033690,damaged,2025-11-29 10:06:41
R00799,O030916,quality,2025-12-08 11:24:38
R00800,O012041,changed_mind,2025-11-24 13:14:45
R00801,O006268,late_delivery,2025-12-10 13:43:30
R00802,O049233,changed_mind,2025-11-25 14:17:54
R00803,O018510,damaged,2025-11-25 15:00:11
R00804,O010126,wrong_item,2025-12-07 15:25:31
R00805,O028402,quality,2025-11-25 17:32:48
R00806,O009120,wrong_item,2025-12-12 18:41:59
R00807,O044555,quality,2025-11-25 18:52:58
R00808,O033999,wrong_item,2025-12-07 19:23:53
R00809,O044865,quality,2025-12-06 19:29:03
R00810,O043586,quality,2025-11-29 19:44:50
R00811,O008198,quality,2025-11-29 20:21:48
R00812,O040409,damaged,2025-11-28 21:29:00
R00813,O011581,damaged,2025-12-05 21:42:45
R00814,O002316,changed_mind,2025-12-03 21:44:00
R00815,O039293,quality,2025-12-12 09:07:37
R00816,O010515,damaged,2025-12-11 09:17:11
R00817,O009480,quality,2025-12-02 09:43:29
R00818,O044724,late_delivery,2025-12-07 09:47:08
R00819,O005706,damaged,2025-12-06 11:12:55
R00820,O036919,wrong_item,2025-12-02 12:37:52
R00821,O000541,quality,2025-11-30 12:50:09
R00822,O049880,wrong_item,2025-12-02 13:22:23
R00823,O044733,changed_mind,2025-12-07 13:55:56
R00824,O037072,quality,2025-12-08 15:52:06
R00825,O026299,quality,2025-11-27 17:45:00
R00826,O009805,quality,2025-12-03 19:02:53
R00827,O036562,changed_mind,2025-12-03 20:34:08
R00828,O046376,quality,2025-12-08 21:33:38
R00829,O041032,quality,2025-12-01 22:13:02
R00830,O028853,wrong_item,2025-11-30 22:42:58
R00831,O012475,quality,2025-12-07 22:56:25
R00832,O000931,late_delivery,2025-12-14 09:44:40
R00833,O038740,quality,2025-12-04 09:56:52
R00834,O020558,damaged,2025-12-04 10:36:28
R00835,O049695,late_delivery,2025-12-09 11:22:46
R00836,O044390,quality,2025-12-10 15:23:34
R00837,O007385,late_delivery,2025-12-04 16:10:58
R00838,O015412,wrong_item,2025-12-02 16:30:28
R00839,O019067,quality,2025-12-06 17:42:45
R00840,O028205,changed_mind,2025-12-12 18:41:31
R00841,O045295,wrong_item,2025-11-27 19:05:16
R00842,O013266,wrong_item,2025-12-03 20:47:17
R00843,O017968,wrong_item,2025-12-13 21:23:58
R00844,O045198,wrong_item,2025-12-14 21:51:27
R00845,O017662,damaged,2025-12-13 22:25:41
R00846,O002208,wrong_item,2025-12-04 10:35:33
R00847,O002283,wrong_item,2025-11-27 12:45:17
R00848,O014768,quality,2025-12-06 12:50:56
R00849,O000493,wrong_item,2025-12-01 13:09:18
R00850,O032486,quality,2025-12-04 13:46:44
R00851,O048632,quality,2025-11-28 15:04:05
R00852,O016194,damaged,2025-12-15 19:30:38
R00853,O024910,damaged,2025-12-11 19:44:13
R00854,O000343,late_delivery,2025-12-09 19:51:50
R00855,O009852,quality,2025-12-01 20:41:10
R00856,O006393,changed_mind,2025-12-03 22:15:25
R00857,O038696,changed_mind,2025-12-13 22:46:35
R00858,O027629,damaged,2025-12-16 10:29:14
R00859,O026035,quality,2025-12-07 10:38:11
R00860,O037353,damaged,2025-12-13 15:08:01
R00861,O009431,late_delivery,2025-12-10 16:34:40
R00862,O008168,quality,2025-12-10 16:53:53
R00863,O009141,late_delivery,2025-12-03 21:09:55
R00864,O008346,quality,2025-12-13 08:04:56
R00865,O038819,damaged,2025-12-12 09:37:04
R00866,O003633,damaged,2025-12-03 10:04:30
R00867,O019151,changed_mind,2025-11-30 10:31:05
R00868,O033229,damaged,2025-12-12 10:31:33
R00869,O028227,late_delivery,2025-12-10 10:57:18
R00870,O010783,late_delivery,2025-12-04 11:30:41
R00871,O003504,damaged,2025-12-14 12:16:21
R00872,O027640,damaged,2025-12-16 15:43:17
R00873,O039588,damaged,2025-12-05 17:49:59
R00874,O038066,quality,2025-11-29 22:44:36
R00875,O038012,changed_mind,2025-12-18 12:16:35
R00876,O044694,damaged,2025-12-10 15:34:50
R00877,O002263,quality,2025-12-12 16:52:15
R00878,O010811,changed_mind,2025-11-30 17:02:51
R00879,O038307,quality,2025-12-01 18:12:54
R00880,O024739,damaged,2025-12-01 19:43:45
R00881,O026238,wrong_item,2025-12-10 20:00:33
R00882,O048977,quality,2025-12-02 20:56:59
R00883,O035956,damaged,2025-12-17 22:10:44
R00884,O027874,quality,2025-12-04 22:10:54
R00885,O036351,wrong_item,2025-12-05 22:31:27
R00886,O033686,quality,2025-12-02 09:04:24
R00887,O007717,quality,2025-12-06 10:09:00
R00888,O007085,quality,2025-12-19 11:22:59
R00889,O028712,quality,2025-12-02 11:45:47
R00890,O025708,wrong_item,2025-12-04 12:24:48
R00891,O012611,changed_mind,2025-12-07 16:35:23
R00892,O006469,quality,2025-12-14 16:54:44
R00893,O044302,damaged,2025-12-06 17:30:45
R00894,O031122,damaged,2025-12-18 18:40:57
R00895,O045788,changed_mind,2025-12-10 19:20:55
R00896,O015068,quality,2025-12-15 19:37:12
R00897,O030412,late_delivery,2025-12-08 08:28:02
R00898,O029098,late_delivery,2025-12-10 09:14:55
R00899,O005380,damaged,2025-12-04 09:24:59
R00900,O024381,damaged,2025-12-15 09:40:54
R00901,O044297,late_delivery,2025-12-17 12:50:09
R00902,O031195,quality,2025-12-10 13:35:56
R00903,O006039,damaged,2025-12-05 15:36:40
R00904,O037945,changed_mind,2025-12-07 15:37:27
R00905,O018461,quality,2025-12-03 18:53:44
R00906,O005391,quality,2025-12-13 20:04:01
R00907,O047976,quality,2025-12-05 22:09:49
R00908,O001066,damaged,2025-12-19 22:27:45
R00909,O032417,quality,2025-12-19 08:37:32
R00910,O035142,wrong_item,2025-12-03 11:37:21
R00911,O016075,damaged,2025-12-05 12:44:24
R00912,O027248,damaged,2025-12-09 16:44:23
R00913,O018248,damaged,2025-12-20 19:32:43
R00914,O009886,quality,2025-12-17 20:01:20
R00915,O045966,wrong_item,2025-12-16 22:47:00
R00916,O019811,changed_mind,2025-12-22 12:35:52
R00917,O040497,late_delivery,2025-12-06 12:49:23
R00918,O023911,changed_mind,2025-12-15 14:53:56
R00919,O033312,quality,2025-12-09 17:30:29
R00920,O014046,damaged,2025-12-08 19:23:14
R00921,O008338,quality,2025-12-05 20:58:55
R00922,O032220,quality,2025-12-17 22:35:41
R00923,O030213,quality,2025-12-06 22:55:44
R00924,O023262,quality,2025-12-15 08:35:38
R00925,O032203,quality,2025-12-17 10:28:23
R00926,O015369,quality,2025-12-18 13:57:58
R00927,O026590,quality,2025-12-22 18:23:45
R00928,O002105,quality,2025-12-24 10:38:33
R00929,O009679,wrong_item,2025-12-17 12:02:24
R00930,O017176,quality,2025-12-16 15:13:10
R00931,O037141,wrong_item,2025-12-24 17:09:35
R00932,O038978,wrong_item,2025-12-07 22:41:36
R00933,O006534,late_delivery,2025-12-24 09:37:11
R00934,O015653,late_delivery,2025-12-24 10:41:34
R00935,O027154,changed_mind,2025-12-16 18:45:27
R00936,O046735,quality,2025-12-19 19:49:04
R00937,O043712,quality,2025-12-17 20:02:35
R00938,O028584,damaged,2025-12-14 20:09:13
R00939,O035957,wrong_item,2025-12-19 08:29:57
R00940,O000588,damaged,2025-12-15 09:55:55
R00941,O036594,late_delivery,2025-12-20 13:12:05
R00942,O024623,quality,2025-12-19 13:49:30
R00943,O005471,wrong_item,2025-12-09 14:24:13
R00944,O046857,wrong_item,2025-12-26 15:35:38
R00945,O033984,quality,2025-12-21 15:52:49
R00946,O031545,quality,2025-12-25 16:15:57
R00947,O041178,wrong_item,2025-12-17 17:53:01
R00948,O021195,late_delivery,2025-12-24 17:57:34
R00949,O027140,quality,2025-12-20 08:43:27
R00950,O016548,changed_mind,2025-12-25 11:41:02
R00951,O048646,quality,2025-12-16 12:33:37
R00952,O008956,wrong_item,2025-12-18 12:38:31
R00953,O035203,changed_mind,2025-12-16 14:03:43
R00954,O003610,damaged,2025-12-27 15:26:56
R00955,O046069,quality,2025-12-24 21:03:16
R00956,O039801,quality,2025-12-23 09:31:50
R00957,O023958,quality,2025-12-13 10:27:10
R00958,O006031,wrong_item,2025-12-25 11:38:11
R00959,O009105,damaged,2025-12-14 21:43:15
R00960,O008665,late_delivery,2025-12-15 08:34:17
R00961,O035442,quality,2025-12-12 20:30:15
R00962,O013425,damaged,2025-12-19 21:46:49
R00963,O007138,wrong_item,2025-12-13 22:18:37
R00964,O031227,changed_mind,2025-12-14 08:40:47
R00965,O023851,changed_mind,2025-12-14 09:22:20
R00966,O016035,damaged,2025-12-13 09:43:59
R00967,O013566,wrong_item,2025-12-20 12:11:53
R00968,O048607,damaged,2025-12-17 14:11:17
R00969,O010678,wrong_item,2025-12-17 14:39:24
R00970,O006956,wrong_item,2025-12-26 17:29:00
R00971,O041279,damaged,2025-12-17 19:12:41
R00972,O023440,wrong_item,2025-12-24 08:00:16
R00973,O001084,changed_mind,2025-12-14 08:25:35
R00974,O038136,quality,2025-12-21 16:15:56
R00975,O041903,late_delivery,2025-12-25 17:57:11
R00976,O022959,quality,2025-12-28 18:53:56
R00977,O033727,wrong_item,2025-12-22 20:03:17
R00978,O043477,damaged,2025-12-15 22:50:11
R00979,O032707,late_delivery,2025-12-31 08:27:05
R00980,O001004,damaged,2025-12-18 16:46:41
R00981,O034897,damaged,2025-12-22 17:48:51
R00982,O038233,quality,2025-12-23 11:54:05
R00983,O033281,quality,2025-12-21 12:20:48
R00984,O023503,quality,2025-12-22 16:14:27
R00985,O037936,damaged,2025-12-30 09:50:25
R00986,O048428,wrong_item,2025-12-17 14:12:39
R00987,O027902,damaged,2025-12-27 16:10:07
R00988,O006516,quality,2026-01-02 16:58:11
R00989,O014559,quality,2025-12-18 17:08:38
R00990,O048711,quality,2026-01-03 17:33:04
R00991,O038720,changed_mind,2025-12-21 19:01:39
R00992,O008324,quality,2026-01-01 19:17:25
R00993,O041825,wrong_item,2025-12-30 20:57:28
R00994,O007357,quality,2025-12-16 21:09:10
R00995,O043607,wrong_item,2025-12-24 22:45:42
R00996,O015252,quality,2025-12-25 22:58:21
R00997,O016105,quality,2025-12-17 08:16:27
R00998,O033041,quality,2026-01-02 22:16:39
R00999,O013422,quality,2025-12-23 12:11:13
R01000,O003300,damaged,2026-01-03 14:12:41
R01001,O015279,damaged,2025-12-19 15:59:14
R01002,O028946,quality,2025-12-19 21:15:13
R01003,O018856,quality,2025-12-23 22:47:09
R01004,O000830,changed_mind,2025-12-24 12:30:17
R01005,O047935,quality,2025-12-20 13:16:29
R01006,O014888,damaged,2025-12-22 17:02:24
R01007,O003835,damaged,2025-12-19 20:15:06
R01008,O023793,wrong_item,2025-12-22 20:33:15
R01009,O045744,quality,2026-01-07 08:58:06
R01010,O036662,quality,2025-12-23 10:36:44
R01011,O000510,quality,2025-12-22 12:42:38
R01012,O035023,wrong_item,2025-12-31 13:41:51
R01013,O020905,wrong_item,2026-01-02 18:36:28
R01014,O033172,damaged,2025-12-23 20:47:04
R01015,O029398,quality,2025-12-31 22:52:57
R01016,O021220,wrong_item,2026-01-04 14:42:14
R01017,O027327,quality,2025-12-25 08:06:47
R01018,O002088,quality,2025-12-30 08:33:19
R01019,O001783,damaged,2026-01-08 09:47:37
R01020,O035323,quality,2026-01-07 13:09:33
R01021,O023469,wrong_item,2026-01-02 14:42:59
R01022,O038994,quality,2025-12-28 15:15:14
R01023,O019815,damaged,2025-12-27 15:35:33
R01024,O044392,quality,2025-12-28 20:13:31
R01025,O029867,quality,2026-01-06 21:54:45
R01026,O031239,damaged,2025-12-26 21:59:00
R01027,O042395,damaged,2025-12-28 22:25:04
R01028,O025819,quality,2025-12-27 09:44:39
R01029,O009064,changed_mind,2025-12-24 13:18:28
R01030,O002431,late_delivery,2026-01-10 13:29:31
R01031,O010744,damaged,2025-12-27 15:28:35
R01032,O015614,wrong_item,2026-01-06 17:31:19
R01033,O031750,damaged,2026-01-02 18:14:55
R01034,O043695,damaged,2025-12-27 19:28:38
R01035,O005196,damaged,2026-01-02 08:51:02
R01036,O037947,damaged,2025-12-25 14:16:09
R01037,O045401,quality,2025-12-29 13:16:04
R01038,O048122,changed_mind,2025-12-28 18:22:23
R01039,O002420,late_delivery,2026-01-01 21:32:37
R01040,O000559,changed_mind,2026-01-12 16:24:22
R01041,O047406,changed_mind,2025-12-27 19:02:41
R01042,O018544,changed_mind,2026-01-12 20:19:38
R01043,O031307,changed_mind,2026-01-06 20:54:01
R01044,O014148,quality,2025-12-27 09:05:54
R01045,O031954,late_delivery,2025-12-28 09:46:33
R01046,O040612,changed_mind,2025-12-27 11:09:37
R01047,O015756,quality,2026-01-13 12:49:11
R01048,O019687,quality,2025-12-29 13:38:42
R01049,O003468,wrong_item,2026-01-07 14:40:54
R01050,O035488,wrong_item,2026-01-14 11:00:59
R01051,O005481,quality,2025-12-29 09:40:39
R01052,O025776,damaged,2026-01-13 10:52:45
R01053,O025806,damaged,2026-01-02 11:47:14
R01054,O005311,quality,2026-01-10 15:43:31
R01055,O012055,quality,2026-01-15 15:47:43
R01056,O002759,damaged,2026-01-12 18:51:57
R01057,O001817,quality,2026-01-08 19:46:17
R01058,O036768,late_delivery,2026-01-05 19:59:04
R01059,O012000,damaged,2025-12-30 22:39:29
R01060,O046261,late_delivery,2026-01-07 22:49:26
R01061,O047153,quality,2026-01-12 09:43:18
R01062,O002361,damaged,2026-01-11 10:11:20
R01063,O030763,quality,2026-01-17 17:09:51
R01064,O013624,damaged,2026-01-14 17:18:07
R01065,O009256,quality,2026-01-17 10:20:36
R01066,O043284,wrong_item,2026-01-03 13:09:16
R01067,O021874,quality,2026-01-06 13:45:02
R01068,O000332,damaged,2026-01-11 14:52:46
R01069,O003166,quality,2026-01-07 16:43:17
R01070,O012513,damaged,2026-01-15 16:47:51
R01071,O034569,damaged,2026-01-04 18:59:57
R01072,O016871,quality,2026-01-14 21:16:40
R01073,O024410,wrong_item,2026-01-05 08:00:52
R01074,O023365,quality,2026-01-02 08:32:53
R01075,O015506,damaged,2026-01-18 08:33:06
R01076,O034115,changed_mind,2026-01-19 13:24:20
R01077,O043950,quality,2026-01-08 13:26:35
R01078,O045531,late_delivery,2026-01-16 13:52:26
R01079,O015237,damaged,2026-01-19 17:01:45
R01080,O028715,damaged,2026-01-17 20:33:16
R01081,O046450,late_delivery,2026-01-20 08:42:49
R01082,O044822,quality,2026-01-17 10:12:31
R01083,O023550,changed_mind,2026-01-13 12:13:25
R01084,O001690,damaged,2026-01-14 13:19:23
R01085,O003385,changed_mind,2026-01-18 17:06:06
R01086,O046416,late_delivery,2026-01-11 17:51:14
R01087,O016545,quality,2026-01-06 19:08:36
R01088,O005803,damaged,2026-01-03 21:02:01
R01089,O019871,damaged,2026-01-04 22:44:15
R01090,O031755,changed_mind,2026-01-15 10:29:31
R01091,O028260,wrong_item,2026-01-12 12:03:36
R01092,O044566,quality,2026-01-08 13:51:05
R01093,O034366,damaged,2026-01-13 15:25:35
R01094,O049557,changed_mind,2026-01-11 20:19:07
R01095,O030244,changed_mind,2026-01-14 20:51:46
R01096,O045128,quality,2026-01-22 11:03:22
R01097,O037060,changed_mind,2026-01-10 11:47:54
R01098,O037943,late_delivery,2026-01-08 12:50:06
R01099,O000373,late_delivery,2026-01-10 13:07:10
R01100,O004485,late_delivery,2026-01-06 14:47:20
R01101,O040655,damaged,2026-01-08 15:11:20
R01102,O026592,quality,2026-01-22 17:52:44
R01103,O010446,quality,2026-01-12 08:50:17
R01104,O041954,quality,2026-01-09 09:32:01
R01105,O029223,quality,2026-01-12 12:31:11
R01106,O006953,quality,2026-01-21 14:06:44
R01107,O009216,damaged,2026-01-18 15:02:24
R01108,O031401,quality,2026-01-08 18:21:39
R01109,O020820,damaged,2026-01-10 12:17:20
R01110,O001978,quality,2026-01-19 12:26:44
R01111,O014898,wrong_item,2026-01-20 14:56:34
R01112,O006893,wrong_item,2026-01-15 15:32:51
R01113,O027869,changed_mind,2026-01-17 16:29:36
R01114,O011709,wrong_item,2026-01-11 08:51:46
R01115,O022082,quality,2026-01-11 20:50:18
R01116,O039009,changed_mind,2026-01-15 09:53:43
R01117,O015687,changed_mind,2026-01-25 10:53:35
R01118,O012674,changed_mind,2026-01-25 13:37:29
R01119,O008336,wrong_item,2026-01-24 15:03:06
R01120,O041296,damaged,2026-01-23 18:15:51
R01121,O012441,changed_mind,2026-01-19 21:02:05
R01122,O024818,wrong_item,2026-01-19 21:29:34
R01123,O048147,changed_mind,2026-01-19 12:42:14
R01124,O048243,damaged,2026-01-09 13:14:21
R01125,O036987,wrong_item,2026-01-22 18:42:19
R01126,O035486,changed_mind,2026-01-20 21:24:04
R01127,O032057,changed_mind,2026-01-13 21:48:51
R01128,O002491,changed_mind,2026-01-12 13:09:07
R01129,O048786,quality,2026-01-17 14:38:20
R01130,O045061,quality,2026-01-27 16:04:49
R01131,O031296,quality,2026-01-15 17:12:14
R01132,O029315,quality,2026-01-25 22:24:23
R01133,O021271,quality,2026-01-13 08:28:43
R01134,O036240,quality,2026-01-19 09:29:56
R01135,O032988,wrong_item,2026-01-23 09:41:52
R01136,O016387,quality,2026-01-22 17:55:17
R01137,O035888,wrong_item,2026-01-25 18:49:42
R01138,O022313,damaged,2026-01-21 20:26:48
R01139,O018669,quality,2026-01-29 08:17:52
R01140,O002951,changed_mind,2026-01-23 09:20:31
R01141,O018460,changed_mind,2026-01-20 11:10:32
R01142,O046043,late_delivery,2026-01-14 12:39:41
R01143,O023253,damaged,2026-01-24 15:45:56
R01144,O003452,late_delivery,2026-01-20 16:38:27
R01145,O028411,quality,2026-01-17 20:16:27
R01146,O000292,changed_mind,2026-01-19 22:06:33
R01147,O003130,quality,2026-01-24 22:59:07
R01148,O032747,damaged,2026-01-24 08:20:36
R01149,O005751,damaged,2026-01-22 16:30:17
R01150,O001218,changed_mind,2026-01-30 17:37:29
R01151,O006275,damaged,2026-01-16 19:22:42
R01152,O018022,damaged,2026-01-15 19:34:30
R01153,O036830,quality,2026-01-18 20:27:24
R01154,O012705,quality,2026-01-25 22:01:06
R01155,O031494,quality,2026-01-18 22:29:11
R01156,O005107,damaged,2026-01-22 09:56:48
R01157,O004323,damaged,2026-01-20 11:48:18
R01158,O029141,damaged,2026-01-17 12:04:11
R01159,O015044,damaged,2026-01-26 10:15:37
R01160,O019875,wrong_item,2026-01-23 12:13:27
R01161,O049371,late_delivery,2026-01-16 12:51:29
R01162,O008596,quality,2026-01-27 15:13:55
R01163,O013647,wrong_item,2026-01-17 18:38:58
R01164,O014236,late_delivery,2026-01-18 20:27:25
R01165,O017952,wrong_item,2026-01-21 21:39:12
R01166,O012600,damaged,2026-01-30 11:47:42
R01167,O000184,wrong_item,2026-01-24 19:10:24
R01168,O020249,late_delivery,2026-01-30 11:46:49
R01169,O012006,changed_mind,2026-02-04 16:41:48
R01170,O043302,damaged,2026-01-27 22:00:29
R01171,O021408,quality,2026-02-05 16:45:04
R01172,O038537,wrong_item,2026-01-22 17:58:52
R01173,O048019,changed_mind,2026-02-05 21:56:10
R01174,O038769,quality,2026-01-23 11:39:08
R01175,O036810,late_delivery,2026-02-06 15:14:59
R01176,O030886,late_delivery,2026-01-24 16:53:19
R01177,O026652,quality,2026-02-05 12:12:02
R01178,O017804,wrong_item,2026-02-02 12:23:20
R01179,O015402,wrong_item,2026-01-23 13:30:37
R01180,O005966,quality,2026-01-25 14:18:10
R01181,O016890,wrong_item,2026-01-29 17:39:40
R01182,O010736,wrong_item,2026-01-25 21:25:52
R01183,O012264,changed_mind,2026-02-06 10:28:56
R01184,O022119,late_delivery,2026-01-24 15:08:02
R01185,O001252,quality,2026-02-05 17:45:14
R01186,O003569,changed_mind,2026-01-26 21:08:58
R01187,O018393,quality,2026-01-25 21:32:42
R01188,O047234,quality,2026-02-09 21:56:37
R01189,O046937,changed_mind,2026-02-03 10:20:07
R01190,O018566,quality,2026-02-03 18:49:13
R01191,O030753,wrong_item,2026-01-29 11:13:10
R01192,O030521,changed_mind,2026-02-01 22:16:41
R01193,O011514,quality,2026-02-10 10:35:37
R01194,O019346,damaged,2026-02-06 11:05:55
R01195,O012366,quality,2026-02-12 14:09:36
R01196,O031648,changed_mind,2026-02-05 19:28:53
R01197,O029517,damaged,2026-02-11 19:33:12
R01198,O022824,quality,2026-01-29 08:44:01
R01199,O008462,wrong_item,2026-02-03 08:55:36
R01200,O024717,changed_mind,2026-02-14 10:42:38
R01201,O044579,late_delivery,2026-02-10 11:31:13
R01202,O035116,damaged,2026-01-28 16:01:26
R01203,O018264,wrong_item,2026-01-27 17:03:24
R01204,O015178,quality,2026-01-28 20:45:32
R01205,O033519,quality,2026-02-14 08:32:42
R01206,O032462,damaged,2026-01-28 13:19:02
R01207,O007034,quality,2026-02-07 18:11:06
R01208,O000732,wrong_item,2026-01-30 19:18:26
R01209,O015734,quality,2026-01-30 08:50:36
R01210,O018260,quality,2026-02-05 09:15:25
R01211,O037300,late_delivery,2026-02-04 13:04:34
R01212,O023234,quality,2026-02-14 13:49:25
R01213,O042849,wrong_item,2026-02-16 17:10:45
R01214,O018783,damaged,2026-02-04 08:56:46
R01215,O008913,damaged,2026-02-12 10:05:08
R01216,O035555,wrong_item,2026-02-02 11:45:53
R01217,O027788,wrong_item,2026-02-07 12:20:22
R01218,O024925,late_delivery,2026-02-01 12:55:36
R01219,O000614,quality,2026-02-16 17:52:36
R01220,O032668,quality,2026-02-15 19:39:23
R01221,O024477,damaged,2026-02-18 08:13:35
R01222,O037963,changed_mind,2026-02-08 13:45:47
R01223,O016369,late_delivery,2026-02-15 14:31:57
R01224,O034734,damaged,2026-02-10 17:54:09
R01225,O015418,quality,2026-02-09 09:13:01
R01226,O012728,damaged,2026-02-18 12:04:11
R01227,O002070,late_delivery,2026-02-04 15:03:55
R01228,O024891,quality,2026-02-11 15:49:38
R01229,O020161,quality,2026-02-14 15:57:55
R01230,O014503,quality,2026-02-04 17:13:01
R01231,O044112,changed_mind,2026-02-19 09:16:29
R01232,O015268,wrong_item,2026-02-16 14:02:34
R01233,O016795,quality,2026-02-05 14:53:41
R01234,O010183,quality,2026-02-13 16:39:52
R01235,O032368,wrong_item,2026-02-16 19:04:01
R01236,O040069,damaged,2026-02-17 19:14:57
R01237,O014975,damaged,2026-02-06 19:19:25
R01238,O003034,quality,2026-02-16 22:43:22
R01239,O039659,quality,2026-02-05 10:17:07
R01240,O029541,wrong_item,2026-02-18 10:51:00
R01241,O006092,damaged,2026-02-13 17:39:14
R01242,O034545,quality,2026-02-16 20:45:33
R01243,O026124,quality,2026-02-14 20:46:50
R01244,O031244,quality,2026-02-09 22:09:01
R01245,O049037,wrong_item,2026-02-16 22:12:19
R01246,O008264,damaged,2026-02-10 08:26:57
R01247,O024530,damaged,2026-02-19 09:11:56
R01248,O005598,wrong_item,2026-02-10 10:04:15
R01249,O017435,quality,2026-02-14 12:13:38
R01250,O046911,damaged,2026-02-04 21:28:50
R01251,O009510,quality,2026-02-07 21:58:48
R01252,O040598,changed_mind,2026-02-16 22:50:53
R01253,O027291,quality,2026-02-22 09:54:04
R01254,O046113,late_delivery,2026-02-16 15:58:10
R01255,O016514,quality,2026-02-20 16:12:13
R01256,O009525,quality,2026-02-20 16:55:34
R01257,O001463,late_delivery,2026-02-22 08:42:33
R01258,O031784,changed_mind,2026-02-11 09:21:45
R01259,O000945,changed_mind,2026-02-21 09:25:20
R01260,O008491,changed_mind,2026-02-20 10:30:00
R01261,O008671,damaged,2026-02-08 12:57:06
R01262,O006095,damaged,2026-02-06 18:25:32
R01263,O010050,changed_mind,2026-02-18 18:57:16
R01264,O000890,changed_mind,2026-02-23 18:57:59
R01265,O028369,quality,2026-02-23 19:18:43
R01266,O032826,late_delivery,2026-02-06 20:15:51
R01267,O008878,quality,2026-02-11 22:12:16
R01268,O036538,damaged,2026-02-21 08:04:12
R01269,O008257,damaged,2026-02-09 08:04:35
R01270,O034406,changed_mind,2026-02-17 10:24:28
R01271,O025014,damaged,2026-02-24 14:22:04
R01272,O026456,changed_mind,2026-02-13 14:57:41
R01273,O047192,changed_mind,2026-02-18 20:48:47
R01274,O043249,changed_mind,2026-02-20 09:41:04
R01275,O041416,damaged,2026-02-09 13:47:31
R01276,O012482,late_delivery,2026-02-16 14:01:51
R01277,O025972,quality,2026-02-26 14:14:36
R01278,O035139,quality,2026-02-14 18:28:46
R01279,O024529,quality,2026-02-18 22:25:04
R01280,O043514,late_delivery,2026-02-13 11:38:42
R01281,O015478,wrong_item,2026-02-17 14:44:22
R01282,O019217,quality,2026-02-10 14:48:58
R01283,O032529,wrong_item,2026-02-10 15:17:24
R01284,O026441,late_delivery,2026-02-23 15:22:47
R01285,O025935,quality,2026-02-11 20:04:38
R01286,O029914,damaged,2026-02-28 08:25:01
R01287,O003061,quality,2026-02-15 09:40:59
R01288,O002195,changed_mind,2026-02-16 15:17:02
R01289,O038535,damaged,2026-02-13 21:55:41
R01290,O021132,late_delivery,2026-02-12 09:22:57
R01291,O012893,damaged,2026-02-15 10:08:08
R01292,O011059,quality,2026-02-13 10:23:20
R01293,O000713,quality,2026-02-13 15:36:49
R01294,O033131,damaged,2026-02-15 20:46:04
R01295,O035826,wrong_item,2026-02-13 11:48:32
R01296,O039343,quality,2026-02-20 14:25:35
R01297,O004339,damaged,2026-02-16 10:46:32
R01298,O018786,damaged,2026-02-20 11:57:48
R01299,O044106,quality,2026-02-18 14:56:59
R01300,O001549,wrong_item,2026-02-25 17:58:23
R01301,O009511,quality,2026-02-23 09:36:04
R01302,O013441,wrong_item,2026-02-27 11:15:12
R01303,O012520,quality,2026-02-15 16:42:35
R01304,O036958,quality,2026-02-17 17:44:10
R01305,O036543,quality,2026-02-25 19:50:53
R01306,O000802,quality,2026-02-17 08:06:22
R01307,O011246,quality,2026-03-05 11:19:06
R01308,O025062,quality,2026-02-20 16:16:58
R01309,O031116,quality,2026-03-05 19:09:09
R01310,O008083,damaged,2026-03-04 21:14:27
R01311,O015421,quality,2026-02-18 21:29:34
R01312,O013760,late_delivery,2026-02-17 08:01:49
R01313,O027245,quality,2026-02-20 09:22:07
R01314,O001417,quality,2026-02-28 11:59:10
R01315,O045552,late_delivery,2026-02-28 12:55:39
R01316,O008668,wrong_item,2026-02-25 14:15:37
R01317,O003828,damaged,2026-03-03 16:30:25
R01318,O036318,wrong_item,2026-02-25 17:33:07
R01319,O042322,wrong_item,2026-03-02 17:33:41
R01320,O020768,quality,2026-02-22 18:05:50
R01321,O006238,quality,2026-03-03 09:06:21
R01322,O028469,quality,2026-02-26 09:15:26
R01323,O027526,changed_mind,2026-02-28 11:24:17
R01324,O042773,quality,2026-02-22 17:18:16
R01325,O049899,quality,2026-03-05 20:56:23
R01326,O025865,quality,2026-02-19 21:29:31
R01327,O048657,quality,2026-02-24 22:03:24
R01328,O027513,quality,2026-02-23 11:19:10
R01329,O038462,damaged,2026-03-05 13:08:39
R01330,O036603,quality,2026-03-05 21:06:19
R01331,O006292,quality,2026-03-05 21:16:12
R01332,O023982,changed_mind,2026-03-05 15:07:48
R01333,O018256,quality,2026-02-26 17:30:02
R01334,O024499,wrong_item,2026-02-26 10:12:28
R01335,O020270,wrong_item,2026-03-04 16:43:32
R01336,O005518,late_delivery,2026-02-24 16:48:46
R01337,O002603,quality,2026-02-27 21:33:21
R01338,O041677,quality,2026-02-21 08:15:29
R01339,O044447,damaged,2026-03-03 14:02:37
R01340,O009342,quality,2026-02-22 14:24:49
R01341,O011940,late_delivery,2026-02-27 15:27:16
R01342,O023180,damaged,2026-02-28 15:47:18
R01343,O019505,quality,2026-03-04 17:42:41
R01344,O025584,quality,2026-03-11 19:52:24
R01345,O010685,wrong_item,2026-03-04 13:29:13
R01346,O004092,quality,2026-03-02 14:38:48
R01347,O017318,damaged,2026-03-05 16:08:54
R01348,O023842,damaged,2026-02-27 18:19:51
R01349,O021580,quality,2026-02-27 10:55:14
R01350,O046482,quality,2026-02-24 11:42:13
R01351,O042910,wrong_item,2026-03-13 13:20:36
R01352,O007021,changed_mind,2026-03-04 14:22:59
R01353,O022176,changed_mind,2026-02-28 17:05:16
R01354,O002894,changed_mind,2026-02-25 08:09:20
R01355,O004845,changed_mind,2026-03-11 10:47:25
R01356,O011180,damaged,2026-02-24 12:44:41
R01357,O042343,damaged,2026-03-10 20:50:29
R01358,O040140,quality,2026-02-28 21:03:57
R01359,O028991,quality,2026-02-25 08:27:23
R01360,O041850,damaged,2026-03-03 10:53:26
R01361,O039565,wrong_item,2026-03-05 13:43:50
R01362,O039742,quality,2026-03-02 16:42:21
R01363,O024808,wrong_item,2026-02-27 18:17:26
R01364,O006293,quality,2026-03-01 18:58:42
R01365,O025603,quality,2026-03-12 20:49:53
R01366,O032010,wrong_item,2026-03-12 21:44:40
R01367,O009984,damaged,2026-03-05 21:45:16
R01368,O003954,wrong_item,2026-03-10 16:44:30
R01369,O028725,damaged,2026-03-01 20:05:54
R01370,O027231,wrong_item,2026-03-07 22:31:37
R01371,O015534,damaged,2026-03-01 17:08:32
R01372,O041112,changed_mind,2026-03-15 20:20:41
R01373,O037096,changed_mind,2026-03-04 11:51:24
R01374,O001055,quality,2026-03-01 15:23:58
R01375,O035556,quality,2026-03-07 15:37:15
R01376,O015448,wrong_item,2026-03-08 17:54:32
R01377,O038619,quality,2026-03-15 20:03:33
R01378,O030293,quality,2026-03-10 20:25:49
R01379,O028703,wrong_item,2026-03-01 22:24:23
R01380,O014773,quality,2026-03-02 08:20:50
R01381,O034039,quality,2026-03-19 10:56:45
R01382,O002200,changed_mind,2026-03-09 12:07:07
R01383,O028085,damaged,2026-03-11 15:24:09
R01384,O002789,quality,2026-03-03 19:44:30
R01385,O037187,changed_mind,2026-03-13 09:31:59
R01386,O021253,changed_mind,2026-03-18 11:01:19
R01387,O026018,late_delivery,2026-03-18 12:12:58
R01388,O001537,changed_mind,2026-03-07 15:31:19
R01389,O038748,damaged,2026-03-08 16:30:53
R01390,O006051,damaged,2026-03-05 17:49:50
R01391,O037797,damaged,2026-03-06 18:25:58
R01392,O019749,quality,2026-03-02 21:23:39
R01393,O045165,quality,2026-03-10 22:34:50
R01394,O019147,wrong_item,2026-03-08 22:35:02
R01395,O026375,quality,2026-03-17 14:16:07
R01396,O024025,damaged,2026-03-07 18:29:56
R01397,O032222,quality,2026-03-06 21:12:41
R01398,O038876,wrong_item,2026-03-07 21:14:46
R01399,O048336,changed_mind,2026-03-14 22:55:49
R01400,O031779,wrong_item,2026-03-21 08:22:59
R01401,O027846,damaged,2026-03-17 09:32:19
R01402,O022898,quality,2026-03-10 10:50:04
R01403,O019935,wrong_item,2026-03-05 14:06:44
R01404,O030812,late_delivery,2026-03-11 14:06:44
R01405,O020256,late_delivery,2026-03-17 17:25:20
R01406,O027653,quality,2026-03-18 08:37:12
R01407,O016053,late_delivery,2026-03-08 11:24:57
R01408,O012591,late_delivery,2026-03-19 12:47:31
R01409,O015722,quality,2026-03-23 14:26:04
R01410,O049331,wrong_item,2026-03-06 16:41:37
R01411,O006661,changed_mind,2026-03-10 16:59:48
R01412,O023673,damaged,2026-03-11 08:15:36
R01413,O033237,quality,2026-03-17 09:06:54
R01414,O028104,changed_mind,2026-03-11 11:05:19
R01415,O008739,quality,2026-03-18 11:35:38
R01416,O042810,quality,2026-03-15 13:07:42
R01417,O040852,quality,2026-03-22 20:49:48
R01418,O005635,late_delivery,2026-03-25 11:19:17
R01419,O010392,quality,2026-03-21 14:58:41
R01420,O031304,quality,2026-03-20 17:58:07
R01421,O010369,damaged,2026-03-08 18:33:38
R01422,O009950,wrong_item,2026-03-18 20:22:15
R01423,O032615,changed_mind,2026-03-17 21:41:24
R01424,O049572,wrong_item,2026-03-11 08:29:32
R01425,O000508,damaged,2026-03-20 08:33:45
R01426,O043829,changed_mind,2026-03-10 14:11:19
R01427,O042233,quality,2026-03-12 15:11:26
R01428,O041636,changed_mind,2026-03-19 15:23:34
R01429,O041630,changed_mind,2026-03-22 17:26:55
R01430,O036235,wrong_item,2026-03-17 17:37:02
R01431,O031708,quality,2026-03-13 18:35:45
R01432,O009067,late_delivery,2026-03-13 21:13:38
R01433,O025807,quality,2026-03-21 21:19:38
R01434,O047735,wrong_item,2026-03-20 21:59:56
R01435,O028319,damaged,2026-03-26 22:09:29
R01436,O026650,quality,2026-03-23 12:19:43
R01437,O024510,changed_mind,2026-03-18 18:41:44
R01438,O020269,quality,2026-03-17 18:54:18
R01439,O037396,wrong_item,2026-03-16 21:57:06
R01440,O035680,quality,2026-03-24 22:04:40
R01441,O031468,quality,2026-03-24 09:22:49
R01442,O010058,late_delivery,2026-03-13 09:52:07
R01443,O031805,quality,2026-03-23 10:26:45
R01444,O024973,wrong_item,2026-03-20 17:17:15
R01445,O001361,changed_mind,2026-03-14 17:58:59
R01446,O003438,changed_mind,2026-03-15 19:39:38
R01447,O046759,wrong_item,2026-03-30 21:52:12
R01448,O008307,quality,2026-03-16 16:00:31
R01449,O003777,quality,2026-03-27 21:10:06
R01450,O010946,damaged,2026-03-30 22:46:09
R01451,O023560,quality,2026-03-28 10:52:22
R01452,O032289,quality,2026-03-24 11:51:06
R01453,O024954,wrong_item,2026-03-31 17:33:36
R01454,O020879,late_delivery,2026-03-17 19:02:31
R01455,O024240,quality,2026-03-21 19:56:24
R01456,O023310,quality,2026-03-23 08:05:56
R01457,O036529,damaged,2026-03-21 08:39:47
R01458,O034980,quality,2026-03-17 08:50:57
R01459,O043890,damaged,2026-03-18 09:43:11
R01460,O000793,wrong_item,2026-03-27 09:53:11
R01461,O000982,changed_mind,2026-03-27 11:39:18
R01462,O015763,quality,2026-03-27 11:53:58
R01463,O040494,quality,2026-04-01 15:35:57
R01464,O012357,quality,2026-03-20 21:23:05
R01465,O039618,changed_mind,2026-03-24 08:09:05
R01466,O045972,wrong_item,2026-03-21 13:36:59
R01467,O044602,wrong_item,2026-03-24 15:07:24
R01468,O007064,damaged,2026-03-27 17:35:14
R01469,O020655,quality,2026-03-26 12:29:08
R01470,O009367,wrong_item,2026-04-01 14:05:31
R01471,O004151,quality,2026-04-04 14:28:47
R01472,O032725,damaged,2026-03-27 18:24:01
R01473,O047834,quality,2026-03-25 19:32:37
R01474,O007960,late_delivery,2026-03-20 10:02:33
R01475,O040933,wrong_item,2026-04-04 10:55:18
R01476,O034420,damaged,2026-03-20 15:00:27
R01477,O022078,damaged,2026-03-23 15:12:23
R01478,O029585,damaged,2026-03-19 16:44:59
R01479,O002412,changed_mind,2026-03-19 11:52:43
R01480,O026676,changed_mind,2026-03-22 16:04:05
R01481,O041329,wrong_item,2026-03-30 22:38:50
R01482,O007886,changed_mind,2026-03-21 09:46:18
R01483,O027852,quality,2026-03-21 10:31:48
R01484,O039297,quality,2026-03-31 11:18:43
R01485,O045668,damaged,2026-04-07 15:14:23
R01486,O006167,wrong_item,2026-03-30 12:06:37
R01487,O021581,wrong_item,2026-04-08 13:37:08
R01488,O040708,quality,2026-04-03 18:25:19
R01489,O038134,damaged,2026-03-24 19:13:16
R01490,O013717,wrong_item,2026-03-22 20:28:58
R01491,O019574,quality,2026-03-25 21:39:20
R01492,O049120,damaged,2026-04-09 12:31:13
R01493,O049986,quality,2026-04-07 15:08:56
R01494,O005542,changed_mind,2026-03-24 17:05:53
R01495,O023653,damaged,2026-03-22 18:07:41
R01496,O026004,damaged,2026-03-27 19:45:03
R01497,O008756,changed_mind,2026-04-04 21:14:55
R01498,O038031,damaged,2026-04-06 08:36:42
R01499,O037045,wrong_item,2026-04-08 10:13:52
R01500,O004535,quality,2026-03-24 12:18:07
R01501,O036985,quality,2026-04-10 15:04:55
R01502,O006841,damaged,2026-04-06 19:41:41
R01503,O005239,damaged,2026-04-06 11:35:19
R01504,O040995,wrong_item,2026-03-30 11:45:36
R01505,O049813,damaged,2026-04-03 11:59:45
R01506,O002700,quality,2026-04-07 16:15:37
R01507,O022768,damaged,2026-03-31 16:37:21
R01508,O025616,late_delivery,2026-04-05 18:38:29
R01509,O030963,quality,2026-04-11 18:41:28
R01510,O034210,changed_mind,2026-04-11 19:27:03
R01511,O010620,quality,2026-04-01 21:18:26
R01512,O026907,wrong_item,2026-04-01 21:46:55
R01513,O016225,damaged,2026-04-10 09:31:59
R01514,O018227,damaged,2026-03-26 09:49:27
R01515,O025648,damaged,2026-04-08 13:13:35
R01516,O015496,quality,2026-03-28 20:03:58
R01517,O009853,wrong_item,2026-04-04 11:28:21
R01518,O002393,quality,2026-04-10 15:38:33
R01519,O020737,quality,2026-04-09 20:04:15
R01520,O019940,damaged,2026-03-29 22:26:37
R01521,O036763,changed_mind,2026-03-31 08:52:31
R01522,O014420,changed_mind,2026-04-12 09:08:30
R01523,O017062,quality,2026-03-28 15:20:46
R01524,O031817,changed_mind,2026-03-28 17:29:43
R01525,O036226,damaged,2026-04-12 21:04:06
R01526,O029067,damaged,2026-04-08 22:35:35
R01527,O037517,wrong_item,2026-04-11 08:09:52
R01528,O016111,wrong_item,2026-04-13 08:16:05
R01529,O046399,quality,2026-04-02 09:48:57
R01530,O016002,quality,2026-03-29 11:21:56
R01531,O031082,quality,2026-04-03 11:50:08
R01532,O028713,changed_mind,2026-03-30 13:53:08
R01533,O035368,damaged,2026-03-30 14:07:26
R01534,O029060,changed_mind,2026-04-13 16:36:13
R01535,O009720,quality,2026-04-12 08:04:39
R01536,O045002,damaged,2026-04-17 10:18:31
R01537,O000275,damaged,2026-04-06 10:59:12
R01538,O013831,wrong_item,2026-04-04 11:21:01
R01539,O016896,changed_mind,2026-04-04 12:31:59
R01540,O044648,quality,2026-04-07 13:26:38
R01541,O015795,damaged,2026-04-15 13:45:40
R01542,O039133,changed_mind,2026-04-12 15:36:29
R01543,O006162,damaged,2026-04-14 15:42:23
R01544,O004828,wrong_item,2026-04-12 15:58:12
R01545,O043913,late_delivery,2026-04-05 16:02:06
R01546,O022575,damaged,2026-04-17 16:45:17
R01547,O037616,wrong_item,2026-04-13 16:54:29
R01548,O026113,quality,2026-04-17 20:06:45
R01549,O038922,wrong_item,2026-04-13 08:28:30
R01550,O016466,damaged,2026-04-02 14:00:22
R01551,O011525,wrong_item,2026-04-11 19:12:21
R01552,O019765,quality,2026-04-02 20:09:44
R01553,O034782,late_delivery,2026-04-05 20:24:19
R01554,O015453,damaged,2026-04-03 21:11:48
R01555,O049158,quality,2026-04-06 08:26:06
R01556,O013549,quality,2026-04-15 08:42:29
R01557,O030740,quality,2026-04-04 09:43:02
R01558,O042550,late_delivery,2026-04-16 17:29:30
R01559,O030440,wrong_item,2026-04-07 22:35:55
R01560,O043620,changed_mind,2026-04-12 13:22:07
R01561,O032497,damaged,2026-04-09 17:17:28
R01562,O036183,damaged,2026-04-18 18:48:13
R01563,O040822,quality,2026-04-13 19:38:34
R01564,O018446,wrong_item,2026-04-19 21:58:23
R01565,O041819,quality,2026-04-04 10:50:24
R01566,O016544,quality,2026-04-17 13:12:33
R01567,O017092,late_delivery,2026-04-19 15:33:54
R01568,O012201,changed_mind,2026-04-22 08:35:53
R01569,O020716,damaged,2026-04-15 18:09:31
R01570,O022476,damaged,2026-04-14 18:57:23
R01571,O017865,changed_mind,2026-04-18 21:12:52
R01572,O046519,damaged,2026-04-07 08:43:10
R01573,O044924,quality,2026-04-13 12:30:30
R01574,O008279,quality,2026-04-13 12:36:41
R01575,O001442,wrong_item,2026-04-19 18:36:39
R01576,O028406,quality,2026-04-15 22:16:52
R01577,O014789,quality,2026-04-22 13:16:02
R01578,O021927,late_delivery,2026-04-17 18:20:24
R01579,O012612,quality,2026-04-08 21:00:50
R01580,O021511,wrong_item,2026-04-10 08:50:23
R01581,O028229,quality,2026-04-16 09:04:59
R01582,O010550,damaged,2026-04-14 09:07:28
R01583,O024947,changed_mind,2026-04-14 10:17:52
R01584,O040942,damaged,2026-04-12 11:14:59
R01585,O042723,changed_mind,2026-04-23 16:39:00
R01586,O044114,changed_mind,2026-04-18 17:46:29
R01587,O049802,changed_mind,2026-04-08 18:55:46
R01588,O028372,wrong_item,2026-04-07 19:30:38
R01589,O043910,changed_mind,2026-04-11 20:42:08
R01590,O036008,quality,2026-04-18 22:13:18
R01591,O005889,quality,2026-04-10 22:27:03
R01592,O027554,quality,2026-04-19 09:57:36
R01593,O041604,wrong_item,2026-04-19 13:39:23
R01594,O040740,quality,2026-04-18 17:05:33
R01595,O006276,quality,2026-04-21 17:28:05
R01596,O010902,quality,2026-04-26 17:46:25
R01597,O006811,late_delivery,2026-04-17 18:07:16
R01598,O021355,quality,2026-04-14 19:47:49
R01599,O021600,quality,2026-04-23 08:23:25
R01600,O015618,changed_mind,2026-04-21 09:05:37
R01601,O006716,quality,2026-04-16 10:38:21
R01602,O007173,changed_mind,2026-04-25 15:05:13
R01603,O021191,wrong_item,2026-04-20 17:01:12
R01604,O015813,damaged,2026-04-13 18:38:52
R01605,O000393,wrong_item,2026-04-15 21:46:09
R01606,O034372,late_delivery,2026-04-19 08:15:09
R01607,O049965,damaged,2026-04-13 08:39:51
R01608,O030315,damaged,2026-04-10 10:05:00
R01609,O015256,wrong_item,2026-04-26 15:20:30
R01610,O027237,changed_mind,2026-04-23 21:22:05
R01611,O020648,quality,2026-04-19 21:25:21
R01612,O035871,changed_mind,2026-04-13 22:01:24
R01613,O015233,quality,2026-04-11 08:21:05
R01614,O016297,changed_mind,2026-04-18 09:42:24
R01615,O036618,wrong_item,2026-04-22 10:36:23
R01616,O041189,quality,2026-04-25 15:37:12
R01617,O002489,damaged,2026-04-13 16:02:06
R01618,O002258,late_delivery,2026-04-18 18:33:21
R01619,O038865,changed_mind,2026-04-11 22:00:45
R01620,O039265,wrong_item,2026-04-28 08:32:35
R01621,O007702,wrong_item,2026-04-26 10:19:04
R01622,O003723,late_delivery,2026-04-29 12:44:04
R01623,O035301,wrong_item,2026-04-19 14:20:14
R01624,O015508,quality,2026-04-25 14:58:44
R01625,O003313,damaged,2026-04-16 16:41:51
R01626,O045260,changed_mind,2026-04-24 17:50:08
R01627,O036233,quality,2026-04-24 19:14:52
R01628,O005975,quality,2026-04-25 19:31:45
R01629,O008578,changed_mind,2026-04-28 19:54:48
R01630,O048518,changed_mind,2026-04-28 19:58:18
R01631,O037992,changed_mind,2026-04-27 21:06:08
R01632,O039680,late_delivery,2026-04-12 22:32:22
R01633,O003881,quality,2026-04-30 12:09:29
R01634,O048205,quality,2026-04-20 14:59:06
R01635,O007495,changed_mind,2026-04-15 10:39:28
R01636,O045862,quality,2026-04-17 10:45:19
R01637,O043921,quality,2026-05-01 10:46:35
R01638,O037845,quality,2026-04-14 11:34:17
R01639,O033151,quality,2026-04-15 12:52:02
R01640,O011995,changed_mind,2026-04-22 14:01:51
R01641,O025218,quality,2026-04-20 14:21:57
R01642,O038218,damaged,2026-04-17 17:20:58
R01643,O025019,changed_mind,2026-04-16 22:40:11
R01644,O036933,wrong_item,2026-04-20 22:51:31
R01645,O046136,late_delivery,2026-04-15 08:40:15
R01646,O037372,wrong_item,2026-04-26 12:16:30
R01647,O045322,wrong_item,2026-04-25 14:25:30
R01648,O031065,quality,2026-04-29 20:30:25
R01649,O012947,quality,2026-04-21 09:32:28
R01650,O022062,late_delivery,2026-04-28 11:54:01
R01651,O039804,quality,2026-04-24 15:07:22
R01652,O046716,changed_mind,2026-04-29 16:10:56
R01653,O049203,damaged,2026-05-04 18:36:10
R01654,O028627,changed_mind,2026-04-22 20:42:38
R01655,O010244,changed_mind,2026-05-02 22:03:28
R01656,O012377,quality,2026-04-25 08:09:09
R01657,O009631,damaged,2026-05-01 08:49:24
R01658,O029380,damaged,2026-04-21 09:06:53
R01659,O003619,quality,2026-04-20 09:23:01
R01660,O021274,quality,2026-04-21 13:43:10
R01661,O020383,wrong_item,2026-04-28 14:57:46
R01662,O038739,changed_mind,2026-04-26 15:52:06
R01663,O021516,quality,2026-04-21 21:39:48
R01664,O001718,quality,2026-04-21 11:02:10
R01665,O008205,damaged,2026-04-19 11:54:02
R01666,O005910,wrong_item,2026-05-04 16:16:13
R01667,O003267,changed_mind,2026-05-01 16:20:21
R01668,O023114,changed_mind,2026-04-18 17:20:19
R01669,O034080,quality,2026-04-19 18:55:02
R01670,O042906,wrong_item,2026-05-05 19:10:01
R01671,O005162,damaged,2026-04-23 08:05:20
R01672,O009190,damaged,2026-04-30 14:28:06
R01673,O032107,wrong_item,2026-05-01 18:18:53
R01674,O026510,damaged,2026-04-30 18:41:24
R01675,O013544,quality,2026-05-04 08:12:09
R01676,O041747,quality,2026-04-28 10:08:21
R01677,O023544,quality,2026-05-08 13:18:38
R01678,O043430,quality,2026-04-28 15:01:38
R01679,O013520,wrong_item,2026-05-08 17:29:15
R01680,O006004,wrong_item,2026-04-29 18:43:15
R01681,O030806,wrong_item,2026-04-29 20:49:19
R01682,O011739,damaged,2026-04-24 22:35:51
R01683,O038634,quality,2026-04-29 10:09:07
R01684,O022594,quality,2026-04-23 11:54:15
R01685,O030815,wrong_item,2026-04-25 12:01:12
R01686,O015977,changed_mind,2026-04-23 15:18:48
R01687,O028872,wrong_item,2026-05-07 18:07:45
R01688,O038428,damaged,2026-04-25 10:41:09
R01689,O009430,wrong_item,2026-05-01 10:49:17
R01690,O003371,late_delivery,2026-04-24 13:29:56
R01691,O035042,changed_mind,2026-04-22 13:54:08
R01692,O017526,changed_mind,2026-04-23 11:58:06
R01693,O013480,damaged,2026-05-09 16:34:02
R01694,O046530,late_delivery,2026-05-11 08:18:09
R01695,O015844,changed_mind,2026-05-05 10:21:39
R01696,O008179,changed_mind,2026-05-05 14:51:05
R01697,O036912,changed_mind,2026-05-04 15:01:33
R01698,O013287,wrong_item,2026-04-26 18:45:43
R01699,O012792,changed_mind,2026-05-08 18:57:27
R01700,O011034,damaged,2026-04-30 21:25:08
R01701,O010287,wrong_item,2026-04-26 09:44:11
R01702,O041002,late_delivery,2026-05-05 14:02:33
R01703,O030242,quality,2026-04-28 14:57:36
R01704,O009512,damaged,2026-05-06 16:27:50
R01705,O041572,quality,2026-04-25 17:35:46
R01706,O027352,quality,2026-05-02 12:01:06
R01707,O015213,damaged,2026-04-30 14:12:05
R01708,O040208,damaged,2026-05-06 14:39:12
R01709,O023683,damaged,2026-04-30 18:58:40
R01710,O025252,late_delivery,2026-04-28 13:20:28
R01711,O006332,damaged,2026-05-10 19:18:13
R01712,O017547,damaged,2026-05-01 20:44:31
R01713,O040747,late_delivery,2026-05-05 21:41:28
R01714,O016783,damaged,2026-04-28 10:07:59
R01715,O022087,wrong_item,2026-05-04 12:05:56
R01716,O018729,late_delivery,2026-05-16 15:09:00
R01717,O015244,wrong_item,2026-05-09 17:22:11
R01718,O038700,changed_mind,2026-05-12 17:40:30
R01719,O026520,quality,2026-05-07 19:02:46
R01720,O016920,damaged,2026-05-05 20:22:37
R01721,O043980,late_delivery,2026-04-30 10:49:50
R01722,O020819,changed_mind,2026-05-03 11:51:32
R01723,O000744,changed_mind,2026-05-05 15:43:27
R01724,O042596,changed_mind,2026-05-11 16:10:51
R01725,O004780,changed_mind,2026-05-13 19:34:37
R01726,O031611,wrong_item,2026-05-01 20:08:25
R01727,O046623,changed_mind,2026-05-06 22:52:48
R01728,O028424,damaged,2026-04-30 12:18:14
R01729,O033893,quality,2026-05-15 14:14:45
R01730,O015595,quality,2026-05-13 21:29:13
R01731,O003339,changed_mind,2026-05-13 19:20:03
R01732,O033719,late_delivery,2026-05-08 21:08:19
R01733,O003818,quality,2026-05-19 09:34:56
R01734,O023183,late_delivery,2026-05-09 12:09:10
R01735,O046390,quality,2026-05-03 16:36:05
R01736,O043520,damaged,2026-05-16 16:55:57
R01737,O043472,quality,2026-05-20 19:28:54
R01738,O035141,quality,2026-05-09 19:56:59
R01739,O011856,quality,2026-05-09 10:59:33
R01740,O016476,wrong_item,2026-05-09 13:12:34
R01741,O016984,quality,2026-05-04 15:54:24
R01742,O024872,changed_mind,2026-05-05 18:30:43
R01743,O027101,wrong_item,2026-05-19 19:30:00
R01744,O015688,wrong_item,2026-05-12 19:57:15
R01745,O036964,late_delivery,2026-05-07 20:08:14
R01746,O021658,late_delivery,2026-05-11 08:11:39
R01747,O044778,wrong_item,2026-05-09 12:48:40
R01748,O016720,quality,2026-05-11 13:43:08
R01749,O023005,changed_mind,2026-05-16 15:34:23
R01750,O047916,quality,2026-05-22 16:21:35
R01751,O036181,wrong_item,2026-05-15 18:20:54
R01752,O033649,damaged,2026-05-14 18:42:57
R01753,O039965,changed_mind,2026-05-11 21:00:52
R01754,O001984,quality,2026-05-12 08:30:21
R01755,O049937,damaged,2026-05-10 08:48:07
R01756,O029501,changed_mind,2026-05-08 19:45:32
R01757,O001360,damaged,2026-05-13 22:44:30
R01758,O001043,damaged,2026-05-18 08:26:05
R01759,O049764,late_delivery,2026-05-18 10:31:48
R01760,O033726,damaged,2026-05-18 13:07:58
R01761,O010968,damaged,2026-05-09 15:03:48
R01762,O047607,changed_mind,2026-05-15 16:53:48
R01763,O022805,late_delivery,2026-05-20 18:13:49
R01764,O018121,quality,2026-05-16 20:45:07
R01765,O037318,damaged,2026-05-16 11:32:49
R01766,O027449,wrong_item,2026-05-11 13:15:14
R01767,O025635,wrong_item,2026-05-23 13:50:00
R01768,O028573,damaged,2026-05-20 13:53:54
R01769,O040613,quality,2026-05-18 14:04:01
R01770,O000259,damaged,2026-05-24 14:27:44
R01771,O027070,late_delivery,2026-05-14 20:57:34
R01772,O041880,wrong_item,2026-05-20 21:36:30
R01773,O007899,late_delivery,2026-05-26 09:10:56
R01774,O024524,quality,2026-05-26 13:23:15
R01775,O036122,wrong_item,2026-05-24 14:39:35
R01776,O017937,late_delivery,2026-05-10 20:01:24
R01777,O049545,changed_mind,2026-05-12 20:01:41
R01778,O007325,damaged,2026-05-11 20:05:37
R01779,O049958,damaged,2026-05-09 08:51:30
R01780,O024884,quality,2026-05-15 16:17:59
R01781,O046892,quality,2026-05-21 22:14:23
R01782,O039402,changed_mind,2026-05-26 10:34:53
R01783,O029651,quality,2026-05-17 12:30:28
R01784,O010890,quality,2026-05-18 14:19:38
R01785,O019838,quality,2026-05-13 14:44:47
R01786,O024007,wrong_item,2026-05-16 16:18:51
R01787,O036682,late_delivery,2026-05-24 17:39:49
R01788,O015961,damaged,2026-05-16 21:40:57
R01789,O036752,quality,2026-05-23 11:35:24
R01790,O011610,changed_mind,2026-05-22 12:39:13
R01791,O042901,damaged,2026-05-28 12:45:03
R01792,O024179,quality,2026-05-15 14:21:42
R01793,O043444,damaged,2026-05-18 15:03:33
R01794,O000932,changed_mind,2026-05-21 17:26:13
R01795,O021141,damaged,2026-05-17 08:51:20
R01796,O020513,wrong_item,2026-05-27 12:57:39
R01797,O012009,wrong_item,2026-05-19 14:00:32
R01798,O025516,damaged,2026-05-21 14:17:43
R01799,O033484,damaged,2026-05-20 20:00:54
R01800,O035793,changed_mind,2026-05-22 12:04:38
R01801,O027699,quality,2026-05-14 12:37:54
R01802,O022797,changed_mind,2026-05-19 13:25:35
R01803,O008880,wrong_item,2026-05-19 17:27:06
R01804,O049433,quality,2026-05-19 17:44:39
R01805,O020806,changed_mind,2026-05-20 12:16:35
R01806,O005582,quality,2026-06-01 14:38:52
R01807,O035290,wrong_item,2026-05-17 14:54:48
R01808,O036120,quality,2026-05-18 17:25:43
R01809,O049972,quality,2026-05-29 14:44:20
R01810,O038811,wrong_item,2026-05-24 17:17:44
R01811,O043318,quality,2026-05-30 19:35:42
R01812,O008857,damaged,2026-05-24 21:54:29
R01813,O010978,late_delivery,2026-05-17 22:03:27
R01814,O047972,damaged,2026-05-31 22:16:25
R01815,O018644,damaged,2026-05-22 09:19:55
R01816,O005125,wrong_item,2026-05-26 10:06:53
R01817,O013127,quality,2026-05-27 11:06:45
R01818,O016767,quality,2026-05-16 13:41:46
R01819,O035967,wrong_item,2026-05-30 20:19:40
R01820,O048326,quality,2026-05-21 09:15:04
R01821,O009353,wrong_item,2026-05-26 10:18:17
R01822,O037125,damaged,2026-05-22 13:07:45
R01823,O046367,wrong_item,2026-05-26 16:53:07
R01824,O006802,wrong_item,2026-05-23 19:35:10
R01825,O019442,wrong_item,2026-05-20 20:42:25
R01826,O014198,changed_mind,2026-05-22 21:15:22
R01827,O020575,wrong_item,2026-06-04 22:50:56
R01828,O019481,changed_mind,2026-05-27 08:18:30
R01829,O029411,late_delivery,2026-06-03 08:52:29
R01830,O010598,wrong_item,2026-05-18 10:50:46
R01831,O011847,damaged,2026-05-27 11:46:30
R01832,O030122,quality,2026-06-05 14:35:30
R01833,O030940,wrong_item,2026-05-18 16:04:41
R01834,O024177,damaged,2026-05-27 16:43:53
R01835,O038283,late_delivery,2026-05-19 18:08:05
R01836,O045906,quality,2026-05-18 22:42:22
R01837,O006587,damaged,2026-05-30 09:01:57
R01838,O035044,quality,2026-05-25 10:38:24
R01839,O047447,quality,2026-06-06 11:49:32
R01840,O033766,damaged,2026-06-05 12:45:53
R01841,O032686,late_delivery,2026-05-23 14:23:26
R01842,O023153,quality,2026-06-03 15:45:36
R01843,O048936,quality,2026-05-30 13:55:33
R01844,O035308,damaged,2026-05-30 14:19:42
R01845,O004332,wrong_item,2026-05-29 19:10:33
R01846,O043938,damaged,2026-05-29 21:54:02
R01847,O019494,quality,2026-05-29 22:51:44
R01848,O025117,changed_mind,2026-05-30 09:15:28
R01849,O041551,quality,2026-05-26 12:57:01
R01850,O042507,changed_mind,2026-06-06 13:27:24
R01851,O029863,wrong_item,2026-05-21 16:21:37
R01852,O029492,changed_mind,2026-05-26 19:42:05
R01853,O020493,changed_mind,2026-05-26 20:00:58
R01854,O049860,wrong_item,2026-06-08 21:10:33
R01855,O043762,changed_mind,2026-06-01 17:25:24
R01856,O012167,changed_mind,2026-05-31 18:35:07
R01857,O035840,quality,2026-05-27 22:30:47
R01858,O014069,late_delivery,2026-06-08 08:20:41
R01859,O045770,changed_mind,2026-05-27 09:44:05
R01860,O004478,late_delivery,2026-06-10 12:49:35
R01861,O033239,changed_mind,2026-06-02 20:05:36
R01862,O025962,wrong_item,2026-06-03 21:48:40
R01863,O010440,changed_mind,2026-05-24 08:23:08
R01864,O001705,quality,2026-05-31 10:59:34
R01865,O011566,damaged,2026-06-04 11:27:39
R01866,O010766,wrong_item,2026-06-01 11:38:04
R01867,O028875,quality,2026-06-09 12:00:32
R01868,O017939,wrong_item,2026-06-08 10:16:29
R01869,O034809,damaged,2026-06-05 10:55:40
R01870,O000472,quality,2026-05-30 11:50:05
R01871,O017965,wrong_item,2026-05-28 14:37:14
R01872,O025785,changed_mind,2026-06-07 14:47:47
R01873,O027889,wrong_item,2026-06-03 16:02:26
R01874,O025607,quality,2026-06-05 16:24:33
R01875,O032650,damaged,2026-05-30 19:12:50
R01876,O016338,changed_mind,2026-05-26 20:34:12
R01877,O019022,changed_mind,2026-06-12 08:10:04
R01878,O040870,damaged,2026-06-03 08:51:14
R01879,O047885,quality,2026-05-30 10:14:37
R01880,O027730,quality,2026-06-01 10:50:58
R01881,O014671,quality,2026-06-13 13:21:36
R01882,O028026,quality,2026-06-13 17:37:09
R01883,O028783,damaged,2026-05-29 20:33:26
R01884,O040641,damaged,2026-06-02 21:46:17
R01885,O045235,damaged,2026-06-10 13:26:20
R01886,O039056,changed_mind,2026-06-08 13:45:56
R01887,O004817,changed_mind,2026-06-10 15:18:56
R01888,O002688,quality,2026-06-07 17:22:20
R01889,O012187,quality,2026-06-03 08:14:06
R01890,O014681,quality,2026-06-11 11:10:30
R01891,O006636,damaged,2026-06-07 13:37:17
R01892,O028558,wrong_item,2026-06-11 19:21:38
R01893,O023197,late_delivery,2026-06-12 21:48:51
R01894,O033760,changed_mind,2026-06-12 11:05:49
R01895,O030961,quality,2026-05-29 13:50:34
R01896,O021608,quality,2026-06-06 15:52:37
R01897,O023859,damaged,2026-06-12 16:55:09
R01898,O034129,wrong_item,2026-06-06 18:15:20
R01899,O000431,wrong_item,2026-06-04 19:59:45
R01900,O044507,quality,2026-05-30 22:30:33
R01901,O016645,changed_mind,2026-05-29 22:43:40
R01902,O001675,quality,2026-06-04 09:37:19
R01903,O026847,changed_mind,2026-06-11 11:03:49
R01904,O007421,quality,2026-06-09 13:28:34
R01905,O003016,wrong_item,2026-06-14 15:14:41
R01906,O024656,changed_mind,2026-06-16 16:10:16
R01907,O041384,quality,2026-06-08 10:37:03
R01908,O002935,quality,2026-06-07 17:38:59
R01909,O016794,changed_mind,2026-06-07 22:02:48
R01910,O027815,quality,2026-06-17 22:54:59
R01911,O032320,changed_mind,2026-06-11 19:55:20
R01912,O011351,wrong_item,2026-06-16 20:31:09
R01913,O043207,wrong_item,2026-06-06 21:22:58
R01914,O001420,quality,2026-06-18 21:36:21
R01915,O032086,wrong_item,2026-06-02 09:06:01
R01916,O018762,wrong_item,2026-06-03 09:45:53
R01917,O030604,changed_mind,2026-06-15 13:34:15
R01918,O028494,quality,2026-06-04 15:28:55
R01919,O047199,changed_mind,2026-06-14 16:16:22
R01920,O037762,quality,2026-06-14 21:55:26
R01921,O041469,damaged,2026-06-14 13:12:40
R01922,O048541,wrong_item,2026-06-09 15:30:35
R01923,O041350,changed_mind,2026-06-20 13:29:48
R01924,O019821,late_delivery,2026-06-22 15:23:36
R01925,O004079,damaged,2026-06-16 20:01:12
R01926,O044634,damaged,2026-06-07 21:37:03
R01927,O047052,wrong_item,2026-06-21 12:48:56
R01928,O030147,damaged,2026-06-06 15:58:31
R01929,O025262,damaged,2026-06-06 19:03:04
R01930,O046203,quality,2026-06-19 13:31:28
R01931,O040423,changed_mind,2026-06-19 13:53:40
R01932,O021170,quality,2026-06-14 14:06:20
R01933,O045438,late_delivery,2026-06-21 20:47:47
R01934,O034467,late_delivery,2026-06-20 08:25:57
R01935,O029448,quality,2026-06-19 08:42:14
R01936,O040712,wrong_item,2026-06-11 09:04:41
R01937,O030981,quality,2026-06-22 11:29:34
R01938,O048081,damaged,2026-06-16 13:08:43
R01939,O019116,damaged,2026-06-16 14:20:01
R01940,O011702,quality,2026-06-21 16:54:01
R01941,O033856,wrong_item,2026-06-16 17:10:59
R01942,O038062,changed_mind,2026-06-08 19:01:34
R01943,O022076,damaged,2026-06-22 21:58:21
R01944,O021063,wrong_item,2026-06-15 22:53:41
R01945,O033909,late_delivery,2026-06-25 08:50:10
R01946,O016052,damaged,2026-06-23 09:44:30
R01947,O041635,late_delivery,2026-06-13 12:01:49
R01948,O044300,damaged,2026-06-19 16:17:20
R01949,O026313,damaged,2026-06-27 16:27:03
R01950,O023731,changed_mind,2026-06-17 21:08:45
R01951,O005869,quality,2026-06-17 08:29:19
R01952,O042468,changed_mind,2026-06-15 10:31:52
R01953,O047211,late_delivery,2026-06-13 12:08:15
R01954,O025086,quality,2026-06-11 14:48:27
R01955,O022462,wrong_item,2026-06-22 15:50:08
R01956,O013941,quality,2026-06-20 22:34:30
R01957,O038803,damaged,2026-06-27 09:12:02
R01958,O040957,changed_mind,2026-06-18 13:19:14
R01959,O038546,quality,2026-06-15 14:42:34
R01960,O002780,late_delivery,2026-06-21 17:08:28
R01961,O016819,wrong_item,2026-06-15 22:53:22
R01962,O036447,changed_mind,2026-06-28 08:10:16
R01963,O007696,quality,2026-06-14 08:32:36
R01964,O027663,quality,2026-06-25 12:02:34
R01965,O041542,quality,2026-06-13 12:44:23
R01966,O022627,damaged,2026-06-24 14:06:11
R01967,O027989,damaged,2026-06-13 16:04:16
R01968,O023422,quality,2026-06-25 17:45:00
R01969,O037178,damaged,2026-06-30 20:31:34
R01970,O011382,damaged,2026-06-30 22:34:24
R01971,O026433,changed_mind,2026-06-23 09:35:09
R01972,O024866,quality,2026-06-15 10:13:13
R01973,O020913,changed_mind,2026-07-01 12:11:54
R01974,O033452,changed_mind,2026-06-20 10:03:01
R01975,O006285,wrong_item,2026-06-29 10:23:20
R01976,O040628,wrong_item,2026-06-22 11:07:08
R01977,O038799,damaged,2026-06-15 16:21:49
R01978,O049104,quality,2026-06-28 17:22:14
R01979,O015280,quality,2026-07-03 19:39:24
R01980,O038408,quality,2026-06-15 20:17:48
R01981,O008065,quality,2026-06-24 22:28:23
R01982,O049550,late_delivery,2026-07-03 13:09:12
R01983,O040074,quality,2026-06-25 13:53:51
R01984,O008994,quality,2026-06-28 14:13:23
R01985,O036552,late_delivery,2026-06-17 14:28:36
R01986,O039671,damaged,2026-06-27 15:12:23
R01987,O033655,late_delivery,2026-06-28 15:30:21
R01988,O006866,late_delivery,2026-06-19 17:17:37
R01989,O009686,quality,2026-06-22 17:29:59
R01990,O031931,wrong_item,2026-07-03 08:07:46
R01991,O014206,quality,2026-06-28 09:40:00
R01992,O004445,changed_mind,2026-06-25 10:59:09
R01993,O019910,late_delivery,2026-06-23 11:39:36
R01994,O028062,quality,2026-06-24 08:29:40
R01995,O028923,late_delivery,2026-07-03 14:47:52
R01996,O023757,damaged,2026-07-03 15:18:45
R01997,O025304,wrong_item,2026-06-27 18:11:54
R01998,O005016,damaged,2026-07-03 19:33:19
R01999,O043749,wrong_item,2026-06-23 19:58:13
R02000,O040607,late_delivery,2026-06-24 21:24:15
R02001,O025173,damaged,2026-06-18 21:39:31
R02002,O044604,damaged,2026-07-03 08:00:56
R02003,O012526,wrong_item,2026-06-27 10:08:03
R02004,O023300,late_delivery,2026-07-06 13:22:38
R02005,O017427,damaged,2026-07-04 14:45:46
R02006,O019211,wrong_item,2026-06-21 20:37:16
R02007,O001858,quality,2026-07-04 21:28:35
R02008,O030762,damaged,2026-07-04 08:40:30
R02009,O035273,damaged,2026-07-02 21:24:41
R02010,O034175,late_delivery,2026-06-25 21:51:04
R02011,O036142,wrong_item,2026-07-01 22:04:45
R02012,O041892,wrong_item,2026-07-09 09:37:45
R02013,O044051,quality,2026-06-25 10:02:33
R02014,O029798,wrong_item,2026-07-07 11:49:10
R02015,O018414,quality,2026-06-30 12:10:41
R02016,O033085,late_delivery,2026-06-27 18:32:00
R02017,O031063,damaged,2026-07-05 19:06:15
R02018,O016641,quality,2026-06-26 21:49:54
R02019,O037243,damaged,2026-06-28 08:19:26
R02020,O012040,changed_mind,2026-06-24 08:35:33
R02021,O016628,wrong_item,2026-07-09 08:58:46
R02022,O000585,quality,2026-06-25 10:18:36
R02023,O017994,quality,2026-07-06 10:48:07
R02024,O047802,damaged,2026-06-29 14:06:20
R02025,O041285,changed_mind,2026-06-23 17:58:11
R02026,O031257,wrong_item,2026-07-03 18:04:45
R02027,O023535,wrong_item,2026-07-11 11:20:58
R02028,O012372,damaged,2026-06-29 15:26:11
R02029,O045289,quality,2026-06-23 16:23:23
R02030,O038425,late_delivery,2026-06-24 16:43:24
R02031,O001300,late_delivery,2026-06-24 20:56:34
R02032,O022843,damaged,2026-07-07 09:33:38
R02033,O005012,quality,2026-07-09 12:11:38
R02034,O010629,damaged,2026-07-08 15:21:51
R02035,O042929,damaged,2026-07-09 15:44:20
R02036,O021348,damaged,2026-06-24 17:56:17
R02037,O000095,wrong_item,2026-07-12 22:42:30
R02038,O029869,damaged,2026-07-08 11:48:54
R02039,O011773,quality,2026-07-11 12:53:44
R02040,O026068,damaged,2026-06-30 20:18:16
R02041,O034644,damaged,2026-07-08 11:30:03
R02042,O032235,late_delivery,2026-07-02 09:01:05
R02043,O004948,damaged,2026-07-04 09:20:04
R02044,O016833,changed_mind,2026-07-09 09:34:53
R02045,O009832,quality,2026-07-14 14:05:17
R02046,O041395,changed_mind,2026-07-02 15:07:03
R02047,O024752,quality,2026-07-09 15:08:17
R02048,O021418,damaged,2026-07-07 16:21:33
R02049,O017399,changed_mind,2026-06-27 20:56:51
R02050,O037890,changed_mind,2026-07-12 21:06:46
R02051,O046383,quality,2026-07-03 21:11:45
R02052,O016670,quality,2026-07-13 21:56:09
R02053,O035344,quality,2026-07-12 22:23:43
R02054,O018878,damaged,2026-07-11 09:39:41
R02055,O012050,changed_mind,2026-07-14 15:20:51
R02056,O045849,late_delivery,2026-07-05 10:06:18
R02057,O017842,damaged,2026-07-03 10:50:13
R02058,O038567,late_delivery,2026-07-09 15:11:18
R02059,O038039,wrong_item,2026-07-13 18:07:54
R02060,O001782,wrong_item,2026-06-29 19:35:41
R02061,O026151,quality,2026-07-10 21:32:00
R02062,O018125,wrong_item,2026-07-11 08:31:11
R02063,O004853,quality,2026-07-13 09:52:14
R02064,O036336,late_delivery,2026-07-13 10:35:15
R02065,O006819,quality,2026-07-08 10:48:38
R02066,O021169,changed_mind,2026-07-05 10:59:52
R02067,O022069,changed_mind,2026-07-03 13:53:04
R02068,O012369,late_delivery,2026-07-09 14:19:09
R02069,O017822,damaged,2026-07-02 17:25:56
R02070,O048467,quality,2026-07-05 18:50:39
R02071,O008453,wrong_item,2026-07-05 19:34:58
R02072,O047822,wrong_item,2026-07-14 20:12:58
R02073,O026264,late_delivery,2026-07-08 21:02:22
R02074,O046173,changed_mind,2026-07-18 21:43:29
R02075,O017858,wrong_item,2026-07-07 10:49:59
R02076,O033104,wrong_item,2026-07-10 11:09:51
R02077,O048945,wrong_item,2026-07-18 13:48:33
R02078,O006933,late_delivery,2026-07-06 18:11:45
R02079,O030047,quality,2026-07-07 20:21:40
R02080,O037584,quality,2026-07-08 21:25:28
R02081,O010189,late_delivery,2026-07-16 21:40:06
R02082,O012649,damaged,2026-07-11 22:09:11
R02083,O032662,late_delivery,2026-07-13 22:21:15
R02084,O014848,quality,2026-07-02 12:18:03
R02085,O003028,quality,2026-07-15 13:44:07
R02086,O002855,quality,2026-07-11 14:42:39
R02087,O045406,quality,2026-07-20 15:30:00
R02088,O024309,damaged,2026-07-20 22:31:55
